t;V
0;0.00E+00
0.0001;0.00E+00
0.0002;0.00E+00
0.0003;0.00E+00
0.0004;-4.00E-02
0.0005;-4.00E-02
0.0006;0.00E+00
0.0007;-4.00E-02
0.0008;0.00E+00
0.0009;0.00E+00
0.001;0.00E+00
0.0011;-4.00E-02
0.0012;0.00E+00
0.0013;0.00E+00
0.0014;0.00E+00
0.0015;-4.00E-02
0.0016;-4.00E-02
0.0017;-4.00E-02
0.0018;0.00E+00
0.0019;0.00E+00
0.002;-4.00E-02
0.0021;-4.00E-02
0.0022;-4.00E-02
0.0023;-4.00E-02
0.0024;-4.00E-02
0.0025;-4.00E-02
0.0026;-4.00E-02
0.0027;-4.00E-02
0.0028;-4.00E-02
0.0029;-4.00E-02
0.003;-4.00E-02
0.0031;-4.00E-02
0.0032;0.00E+00
0.0033;0.00E+00
0.0034;-4.00E-02
0.0035;0.00E+00
0.0036;0.00E+00
0.0037;0.00E+00
0.0038;-4.00E-02
0.0039;-4.00E-02
0.004;-4.00E-02
0.0041;-4.00E-02
0.0042;-4.00E-02
0.0043;0.00E+00
0.0044;0.00E+00
0.0045;0.00E+00
0.0046;0.00E+00
0.0047;0.00E+00
0.0048;-4.00E-02
0.0049;-4.00E-02
0.005;0.00E+00
0.0051;0.00E+00
0.0052;0.00E+00
0.0053;0.00E+00
0.0054;0.00E+00
0.0055;0.00E+00
0.0056;0.00E+00
0.0057;0.00E+00
0.0058;-4.00E-02
0.0059;0.00E+00
0.006;-4.00E-02
0.0061;-4.00E-02
0.0062;-4.00E-02
0.0063;-4.00E-02
0.0064;-4.00E-02
0.0065;-4.00E-02
0.0066;-4.00E-02
0.0067;-4.00E-02
0.0068;0.00E+00
0.0069;0.00E+00
0.007;0.00E+00
0.0071;0.00E+00
0.0072;-4.00E-02
0.0073;0.00E+00
0.0074;-4.00E-02
0.0075;-4.00E-02
0.0076;0.00E+00
0.0077;-4.00E-02
0.0078;-4.00E-02
0.0079;0.00E+00
0.008;-4.00E-02
0.0081;0.00E+00
0.0082;0.00E+00
0.0083;-4.00E-02
0.0084;0.00E+00
0.0085;-4.00E-02
0.0086;0.00E+00
0.0087;-4.00E-02
0.0088;-4.00E-02
0.0089;-4.00E-02
0.009;0.00E+00
0.0091;0.00E+00
0.0092;-4.00E-02
0.0093;-4.00E-02
0.0094;-4.00E-02
0.0095;0.00E+00
0.0096;0.00E+00
0.0097;0.00E+00
0.0098;0.00E+00
0.0099;-4.00E-02
0.01;0.00E+00
0.0101;0.00E+00
0.0102;0.00E+00
0.0103;-4.00E-02
0.0104;-4.00E-02
0.0105;-4.00E-02
0.0106;-4.00E-02
0.0107;-4.00E-02
0.0108;0.00E+00
0.0109;-4.00E-02
0.011;0.00E+00
0.0111;-4.00E-02
0.0112;-4.00E-02
0.0113;0.00E+00
0.0114;0.00E+00
0.0115;0.00E+00
0.0116;0.00E+00
0.0117;0.00E+00
0.0118;-4.00E-02
0.0119;0.00E+00
0.012;-4.00E-02
0.0121;0.00E+00
0.0122;-4.00E-02
0.0123;0.00E+00
0.0124;0.00E+00
0.0125;-4.00E-02
0.0126;0.00E+00
0.0127;-4.00E-02
0.0128;-4.00E-02
0.0129;0.00E+00
0.013;0.00E+00
0.0131;0.00E+00
0.0132;0.00E+00
0.0133;-4.00E-02
0.0134;-4.00E-02
0.0135;-4.00E-02
0.0136;-4.00E-02
0.0137;0.00E+00
0.0138;-4.00E-02
0.0139;0.00E+00
0.014;-4.00E-02
0.0141;-4.00E-02
0.0142;0.00E+00
0.0143;0.00E+00
0.0144;0.00E+00
0.0145;-4.00E-02
0.0146;-4.00E-02
0.0147;0.00E+00
0.0148;0.00E+00
0.0149;-4.00E-02
0.015;0.00E+00
0.0151;0.00E+00
0.0152;-4.00E-02
0.0153;0.00E+00
0.0154;0.00E+00
0.0155;0.00E+00
0.0156;0.00E+00
0.0157;0.00E+00
0.0158;0.00E+00
0.0159;-4.00E-02
0.016;-4.00E-02
0.0161;0.00E+00
0.0162;-4.00E-02
0.0163;-4.00E-02
0.0164;0.00E+00
0.0165;-4.00E-02
0.0166;-4.00E-02
0.0167;0.00E+00
0.0168;0.00E+00
0.0169;0.00E+00
0.017;-4.00E-02
0.0171;0.00E+00
0.0172;-4.00E-02
0.0173;0.00E+00
0.0174;-4.00E-02
0.0175;0.00E+00
0.0176;-4.00E-02
0.0177;-4.00E-02
0.0178;0.00E+00
0.0179;0.00E+00
0.018;-4.00E-02
0.0181;0.00E+00
0.0182;-4.00E-02
0.0183;0.00E+00
0.0184;0.00E+00
0.0185;-4.00E-02
0.0186;0.00E+00
0.0187;0.00E+00
0.0188;-4.00E-02
0.0189;-4.00E-02
0.019;0.00E+00
0.0191;0.00E+00
0.0192;0.00E+00
0.0193;0.00E+00
0.0194;0.00E+00
0.0195;0.00E+00
0.0196;-4.00E-02
0.0197;0.00E+00
0.0198;0.00E+00
0.0199;-4.00E-02
0.02;0.00E+00
0.0201;0.00E+00
0.0202;-4.00E-02
0.0203;0.00E+00
0.0204;0.00E+00
0.0205;0.00E+00
0.0206;0.00E+00
0.0207;0.00E+00
0.0208;0.00E+00
0.0209;0.00E+00
0.021;0.00E+00
0.0211;0.00E+00
0.0212;0.00E+00
0.0213;0.00E+00
0.0214;0.00E+00
0.0215;-4.00E-02
0.0216;-4.00E-02
0.0217;-4.00E-02
0.0218;0.00E+00
0.0219;0.00E+00
0.022;0.00E+00
0.0221;0.00E+00
0.0222;0.00E+00
0.0223;0.00E+00
0.0224;-4.00E-02
0.0225;0.00E+00
0.0226;0.00E+00
0.0227;0.00E+00
0.0228;0.00E+00
0.0229;0.00E+00
0.023;0.00E+00
0.0231;0.00E+00
0.0232;-4.00E-02
0.0233;0.00E+00
0.0234;-4.00E-02
0.0235;-4.00E-02
0.0236;-4.00E-02
0.0237;0.00E+00
0.0238;-4.00E-02
0.0239;0.00E+00
0.024;0.00E+00
0.0241;0.00E+00
0.0242;0.00E+00
0.0243;-4.00E-02
0.0244;0.00E+00
0.0245;0.00E+00
0.0246;0.00E+00
0.0247;-4.00E-02
0.0248;0.00E+00
0.0249;0.00E+00
0.025;0.00E+00
0.0251;0.00E+00
0.0252;-4.00E-02
0.0253;0.00E+00
0.0254;0.00E+00
0.0255;-4.00E-02
0.0256;0.00E+00
0.0257;-4.00E-02
0.0258;0.00E+00
0.0259;-4.00E-02
0.026;0.00E+00
0.0261;-4.00E-02
0.0262;0.00E+00
0.0263;-4.00E-02
0.0264;-4.00E-02
0.0265;0.00E+00
0.0266;-4.00E-02
0.0267;0.00E+00
0.0268;-4.00E-02
0.0269;0.00E+00
0.027;-4.00E-02
0.0271;-4.00E-02
0.0272;0.00E+00
0.0273;-4.00E-02
0.0274;0.00E+00
0.0275;-4.00E-02
0.0276;-4.00E-02
0.0277;0.00E+00
0.0278;0.00E+00
0.0279;0.00E+00
0.028;0.00E+00
0.0281;-4.00E-02
0.0282;0.00E+00
0.0283;0.00E+00
0.0284;0.00E+00
0.0285;-4.00E-02
0.0286;0.00E+00
0.0287;-4.00E-02
0.0288;-4.00E-02
0.0289;0.00E+00
0.029;0.00E+00
0.0291;-4.00E-02
0.0292;0.00E+00
0.0293;0.00E+00
0.0294;-4.00E-02
0.0295;-4.00E-02
0.0296;0.00E+00
0.0297;0.00E+00
0.0298;-4.00E-02
0.0299;0.00E+00
0.03;-4.00E-02
0.0301;-4.00E-02
0.0302;0.00E+00
0.0303;0.00E+00
0.0304;0.00E+00
0.0305;0.00E+00
0.0306;0.00E+00
0.0307;-4.00E-02
0.0308;-4.00E-02
0.0309;0.00E+00
0.031;0.00E+00
0.0311;0.00E+00
0.0312;0.00E+00
0.0313;-4.00E-02
0.0314;-4.00E-02
0.0315;-4.00E-02
0.0316;0.00E+00
0.0317;-4.00E-02
0.0318;0.00E+00
0.0319;-4.00E-02
0.032;-4.00E-02
0.0321;-4.00E-02
0.0322;0.00E+00
0.0323;0.00E+00
0.0324;0.00E+00
0.0325;0.00E+00
0.0326;-4.00E-02
0.0327;0.00E+00
0.0328;-4.00E-02
0.0329;-4.00E-02
0.033;-4.00E-02
0.0331;0.00E+00
0.0332;-4.00E-02
0.0333;0.00E+00
0.0334;-4.00E-02
0.0335;0.00E+00
0.0336;-4.00E-02
0.0337;-4.00E-02
0.0338;0.00E+00
0.0339;-4.00E-02
0.034;0.00E+00
0.0341;0.00E+00
0.0342;0.00E+00
0.0343;0.00E+00
0.0344;0.00E+00
0.0345;-4.00E-02
0.0346;-4.00E-02
0.0347;-4.00E-02
0.0348;0.00E+00
0.0349;0.00E+00
0.035;-4.00E-02
0.0351;0.00E+00
0.0352;-4.00E-02
0.0353;0.00E+00
0.0354;-4.00E-02
0.0355;-4.00E-02
0.0356;-4.00E-02
0.0357;0.00E+00
0.0358;-4.00E-02
0.0359;0.00E+00
0.036;0.00E+00
0.0361;-4.00E-02
0.0362;0.00E+00
0.0363;0.00E+00
0.0364;0.00E+00
0.0365;-4.00E-02
0.0366;0.00E+00
0.0367;0.00E+00
0.0368;0.00E+00
0.0369;0.00E+00
0.037;0.00E+00
0.0371;-4.00E-02
0.0372;-4.00E-02
0.0373;0.00E+00
0.0374;0.00E+00
0.0375;-4.00E-02
0.0376;0.00E+00
0.0377;-4.00E-02
0.0378;-4.00E-02
0.0379;0.00E+00
0.038;-4.00E-02
0.0381;0.00E+00
0.0382;-4.00E-02
0.0383;0.00E+00
0.0384;-4.00E-02
0.0385;-4.00E-02
0.0386;-4.00E-02
0.0387;0.00E+00
0.0388;-4.00E-02
0.0389;0.00E+00
0.039;0.00E+00
0.0391;-4.00E-02
0.0392;-4.00E-02
0.0393;0.00E+00
0.0394;-4.00E-02
0.0395;-4.00E-02
0.0396;-4.00E-02
0.0397;-4.00E-02
0.0398;-4.00E-02
0.0399;0.00E+00
0.04;0.00E+00
0.0401;-4.00E-02
0.0402;0.00E+00
0.0403;-4.00E-02
0.0404;0.00E+00
0.0405;0.00E+00
0.0406;-4.00E-02
0.0407;0.00E+00
0.0408;0.00E+00
0.0409;0.00E+00
0.041;0.00E+00
0.0411;0.00E+00
0.0412;0.00E+00
0.0413;0.00E+00
0.0414;0.00E+00
0.0415;0.00E+00
0.0416;0.00E+00
0.0417;0.00E+00
0.0418;-4.00E-02
0.0419;0.00E+00
0.042;-4.00E-02
0.0421;0.00E+00
0.0422;0.00E+00
0.0423;-4.00E-02
0.0424;0.00E+00
0.0425;0.00E+00
0.0426;0.00E+00
0.0427;0.00E+00
0.0428;4.00E-02
0.0429;0.00E+00
0.043;4.00E-02
0.0431;4.00E-02
0.0432;4.00E-02
0.0433;4.00E-02
0.0434;4.00E-02
0.0435;8.00E-02
0.0436;4.00E-02
0.0437;8.00E-02
0.0438;8.00E-02
0.0439;8.00E-02
0.044;8.00E-02
0.0441;1.20E-01
0.0442;1.20E-01
0.0443;1.60E-01
0.0444;1.60E-01
0.0445;1.60E-01
0.0446;1.60E-01
0.0447;1.60E-01
0.0448;2.00E-01
0.0449;2.00E-01
0.045;2.40E-01
0.0451;2.40E-01
0.0452;2.40E-01
0.0453;2.80E-01
0.0454;2.80E-01
0.0455;2.80E-01
0.0456;2.80E-01
0.0457;3.20E-01
0.0458;3.20E-01
0.0459;3.20E-01
0.046;3.60E-01
0.0461;3.60E-01
0.0462;3.60E-01
0.0463;4.00E-01
0.0464;4.00E-01
0.0465;4.00E-01
0.0466;4.40E-01
0.0467;4.40E-01
0.0468;4.80E-01
0.0469;4.80E-01
0.047;5.20E-01
0.0471;5.20E-01
0.0472;5.60E-01
0.0473;5.20E-01
0.0474;5.60E-01
0.0475;5.60E-01
0.0476;6.00E-01
0.0477;6.00E-01
0.0478;6.40E-01
0.0479;6.40E-01
0.048;6.40E-01
0.0481;6.80E-01
0.0482;6.80E-01
0.0483;7.20E-01
0.0484;7.20E-01
0.0485;7.60E-01
0.0486;7.60E-01
0.0487;8.00E-01
0.0488;8.00E-01
0.0489;8.40E-01
0.049;8.40E-01
0.0491;8.40E-01
0.0492;8.80E-01
0.0493;8.80E-01
0.0494;8.80E-01
0.0495;9.60E-01
0.0496;9.60E-01
0.0497;9.60E-01
0.0498;9.60E-01
0.0499;1.00E+00
0.05;1.04E+00
0.0501;1.04E+00
0.0502;1.08E+00
0.0503;1.08E+00
0.0504;1.08E+00
0.0505;1.12E+00
0.0506;1.16E+00
0.0507;1.16E+00
0.0508;1.16E+00
0.0509;1.20E+00
0.051;1.24E+00
0.0511;1.24E+00
0.0512;1.28E+00
0.0513;1.28E+00
0.0514;1.28E+00
0.0515;1.32E+00
0.0516;1.32E+00
0.0517;1.32E+00
0.0518;1.36E+00
0.0519;1.36E+00
0.052;1.36E+00
0.0521;1.40E+00
0.0522;1.40E+00
0.0523;1.48E+00
0.0524;1.44E+00
0.0525;1.44E+00
0.0526;1.48E+00
0.0527;1.48E+00
0.0528;1.52E+00
0.0529;1.48E+00
0.053;1.52E+00
0.0531;1.52E+00
0.0532;1.56E+00
0.0533;1.56E+00
0.0534;1.64E+00
0.0535;1.68E+00
0.0536;1.64E+00
0.0537;1.72E+00
0.0538;1.72E+00
0.0539;1.72E+00
0.054;1.76E+00
0.0541;1.80E+00
0.0542;1.80E+00
0.0543;1.80E+00
0.0544;1.84E+00
0.0545;1.88E+00
0.0546;1.88E+00
0.0547;1.92E+00
0.0548;1.92E+00
0.0549;1.96E+00
0.055;1.96E+00
0.0551;2.00E+00
0.0552;2.00E+00
0.0553;2.00E+00
0.0554;2.00E+00
0.0555;2.08E+00
0.0556;2.08E+00
0.0557;2.12E+00
0.0558;2.12E+00
0.0559;2.12E+00
0.056;2.12E+00
0.0561;2.16E+00
0.0562;2.20E+00
0.0563;2.20E+00
0.0564;2.20E+00
0.0565;2.28E+00
0.0566;2.28E+00
0.0567;2.28E+00
0.0568;2.32E+00
0.0569;2.32E+00
0.057;2.32E+00
0.0571;2.36E+00
0.0572;2.36E+00
0.0573;2.36E+00
0.0574;2.40E+00
0.0575;2.40E+00
0.0576;2.44E+00
0.0577;2.44E+00
0.0578;2.48E+00
0.0579;2.48E+00
0.058;2.52E+00
0.0581;2.52E+00
0.0582;2.56E+00
0.0583;2.56E+00
0.0584;2.56E+00
0.0585;2.60E+00
0.0586;2.60E+00
0.0587;2.60E+00
0.0588;2.64E+00
0.0589;2.64E+00
0.059;2.68E+00
0.0591;2.68E+00
0.0592;2.68E+00
0.0593;2.72E+00
0.0594;2.72E+00
0.0595;2.72E+00
0.0596;2.76E+00
0.0597;2.76E+00
0.0598;2.80E+00
0.0599;2.80E+00
0.06;2.80E+00
0.0601;2.84E+00
0.0602;2.88E+00
0.0603;2.88E+00
0.0604;2.88E+00
0.0605;2.88E+00
0.0606;2.92E+00
0.0607;2.92E+00
0.0608;2.92E+00
0.0609;2.92E+00
0.061;2.96E+00
0.0611;2.96E+00
0.0612;3.00E+00
0.0613;3.00E+00
0.0614;3.00E+00
0.0615;3.00E+00
0.0616;3.04E+00
0.0617;3.04E+00
0.0618;3.04E+00
0.0619;3.08E+00
0.062;3.08E+00
0.0621;3.08E+00
0.0622;3.08E+00
0.0623;3.12E+00
0.0624;3.12E+00
0.0625;3.16E+00
0.0626;3.16E+00
0.0627;3.16E+00
0.0628;3.20E+00
0.0629;3.20E+00
0.063;3.20E+00
0.0631;3.24E+00
0.0632;3.24E+00
0.0633;3.24E+00
0.0634;3.24E+00
0.0635;3.28E+00
0.0636;3.28E+00
0.0637;3.28E+00
0.0638;3.28E+00
0.0639;3.28E+00
0.064;3.32E+00
0.0641;3.32E+00
0.0642;3.32E+00
0.0643;3.36E+00
0.0644;3.40E+00
0.0645;3.40E+00
0.0646;3.40E+00
0.0647;3.40E+00
0.0648;3.40E+00
0.0649;3.40E+00
0.065;3.40E+00
0.0651;3.40E+00
0.0652;3.40E+00
0.0653;3.44E+00
0.0654;3.48E+00
0.0655;3.48E+00
0.0656;3.48E+00
0.0657;3.48E+00
0.0658;3.48E+00
0.0659;3.48E+00
0.066;3.48E+00
0.0661;3.48E+00
0.0662;3.52E+00
0.0663;3.52E+00
0.0664;3.52E+00
0.0665;3.52E+00
0.0666;3.52E+00
0.0667;3.56E+00
0.0668;3.56E+00
0.0669;3.56E+00
0.067;3.60E+00
0.0671;3.56E+00
0.0672;3.60E+00
0.0673;3.60E+00
0.0674;3.60E+00
0.0675;3.60E+00
0.0676;3.60E+00
0.0677;3.64E+00
0.0678;3.64E+00
0.0679;3.64E+00
0.068;3.68E+00
0.0681;3.68E+00
0.0682;3.64E+00
0.0683;3.68E+00
0.0684;3.68E+00
0.0685;3.68E+00
0.0686;3.72E+00
0.0687;3.68E+00
0.0688;3.72E+00
0.0689;3.68E+00
0.069;3.72E+00
0.0691;3.68E+00
0.0692;3.72E+00
0.0693;3.72E+00
0.0694;3.72E+00
0.0695;3.72E+00
0.0696;3.72E+00
0.0697;3.72E+00
0.0698;3.76E+00
0.0699;3.72E+00
0.07;3.76E+00
0.0701;3.76E+00
0.0702;3.76E+00
0.0703;3.76E+00
0.0704;3.76E+00
0.0705;3.76E+00
0.0706;3.76E+00
0.0707;3.76E+00
0.0708;3.76E+00
0.0709;3.76E+00
0.071;3.80E+00
0.0711;3.80E+00
0.0712;3.80E+00
0.0713;3.80E+00
0.0714;3.80E+00
0.0715;3.80E+00
0.0716;3.80E+00
0.0717;3.80E+00
0.0718;3.80E+00
0.0719;3.80E+00
0.072;3.80E+00
0.0721;3.84E+00
0.0722;3.84E+00
0.0723;3.84E+00
0.0724;3.84E+00
0.0725;3.84E+00
0.0726;3.84E+00
0.0727;3.88E+00
0.0728;3.84E+00
0.0729;3.88E+00
0.073;3.88E+00
0.0731;3.88E+00
0.0732;3.84E+00
0.0733;3.88E+00
0.0734;3.88E+00
0.0735;3.88E+00
0.0736;3.88E+00
0.0737;3.88E+00
0.0738;3.88E+00
0.0739;3.88E+00
0.074;3.88E+00
0.0741;3.88E+00
0.0742;3.88E+00
0.0743;3.88E+00
0.0744;3.88E+00
0.0745;3.88E+00
0.0746;3.88E+00
0.0747;3.88E+00
0.0748;3.88E+00
0.0749;3.92E+00
0.075;3.88E+00
0.0751;3.88E+00
0.0752;3.88E+00
0.0753;3.88E+00
0.0754;3.88E+00
0.0755;3.92E+00
0.0756;3.92E+00
0.0757;3.88E+00
0.0758;3.92E+00
0.0759;3.92E+00
0.076;3.92E+00
0.0761;3.92E+00
0.0762;3.92E+00
0.0763;3.92E+00
0.0764;3.92E+00
0.0765;3.92E+00
0.0766;3.92E+00
0.0767;3.88E+00
0.0768;3.92E+00
0.0769;3.92E+00
0.077;3.92E+00
0.0771;3.88E+00
0.0772;3.92E+00
0.0773;3.92E+00
0.0774;3.92E+00
0.0775;3.92E+00
0.0776;3.88E+00
0.0777;3.92E+00
0.0778;3.92E+00
0.0779;3.92E+00
0.078;3.92E+00
0.0781;3.92E+00
0.0782;3.92E+00
0.0783;3.92E+00
0.0784;3.92E+00
0.0785;3.92E+00
0.0786;3.92E+00
0.0787;3.92E+00
0.0788;3.92E+00
0.0789;3.92E+00
0.079;3.92E+00
0.0791;3.92E+00
0.0792;3.92E+00
0.0793;3.92E+00
0.0794;3.92E+00
0.0795;3.88E+00
0.0796;3.92E+00
0.0797;3.92E+00
0.0798;3.92E+00
0.0799;3.92E+00
0.08;3.92E+00
0.0801;3.92E+00
0.0802;3.92E+00
0.0803;3.92E+00
0.0804;3.88E+00
0.0805;3.92E+00
0.0806;3.92E+00
0.0807;3.92E+00
0.0808;3.92E+00
0.0809;3.92E+00
0.081;3.88E+00
0.0811;3.92E+00
0.0812;3.88E+00
0.0813;3.88E+00
0.0814;3.88E+00
0.0815;3.88E+00
0.0816;3.88E+00
0.0817;3.88E+00
0.0818;3.88E+00
0.0819;3.88E+00
0.082;3.88E+00
0.0821;3.88E+00
0.0822;3.88E+00
0.0823;3.88E+00
0.0824;3.92E+00
0.0825;3.88E+00
0.0826;3.88E+00
0.0827;3.88E+00
0.0828;3.88E+00
0.0829;3.88E+00
0.083;3.88E+00
0.0831;3.88E+00
0.0832;3.88E+00
0.0833;3.88E+00
0.0834;3.88E+00
0.0835;3.88E+00
0.0836;3.88E+00
0.0837;3.88E+00
0.0838;3.88E+00
0.0839;3.88E+00
0.084;3.88E+00
0.0841;3.88E+00
0.0842;3.88E+00
0.0843;3.88E+00
0.0844;3.88E+00
0.0845;3.88E+00
0.0846;3.84E+00
0.0847;3.84E+00
0.0848;3.88E+00
0.0849;3.84E+00
0.085;3.84E+00
0.0851;3.84E+00
0.0852;3.84E+00
0.0853;3.84E+00
0.0854;3.84E+00
0.0855;3.84E+00
0.0856;3.84E+00
0.0857;3.84E+00
0.0858;3.84E+00
0.0859;3.84E+00
0.086;3.80E+00
0.0861;3.84E+00
0.0862;3.84E+00
0.0863;3.84E+00
0.0864;3.84E+00
0.0865;3.84E+00
0.0866;3.84E+00
0.0867;3.84E+00
0.0868;3.80E+00
0.0869;3.84E+00
0.087;3.84E+00
0.0871;3.80E+00
0.0872;3.80E+00
0.0873;3.80E+00
0.0874;3.84E+00
0.0875;3.84E+00
0.0876;3.84E+00
0.0877;3.80E+00
0.0878;3.80E+00
0.0879;3.80E+00
0.088;3.84E+00
0.0881;3.80E+00
0.0882;3.80E+00
0.0883;3.80E+00
0.0884;3.80E+00
0.0885;3.80E+00
0.0886;3.80E+00
0.0887;3.80E+00
0.0888;3.80E+00
0.0889;3.80E+00
0.089;3.80E+00
0.0891;3.80E+00
0.0892;3.80E+00
0.0893;3.76E+00
0.0894;3.80E+00
0.0895;3.80E+00
0.0896;3.80E+00
0.0897;3.76E+00
0.0898;3.80E+00
0.0899;3.76E+00
0.09;3.76E+00
0.0901;3.76E+00
0.0902;3.80E+00
0.0903;3.76E+00
0.0904;3.80E+00
0.0905;3.80E+00
0.0906;3.80E+00
0.0907;3.76E+00
0.0908;3.76E+00
0.0909;3.76E+00
0.091;3.76E+00
0.0911;3.76E+00
0.0912;3.76E+00
0.0913;3.76E+00
0.0914;3.76E+00
0.0915;3.76E+00
0.0916;3.76E+00
0.0917;3.76E+00
0.0918;3.76E+00
0.0919;3.76E+00
0.092;3.76E+00
0.0921;3.72E+00
0.0922;3.76E+00
0.0923;3.76E+00
0.0924;3.76E+00
0.0925;3.76E+00
0.0926;3.76E+00
0.0927;3.76E+00
0.0928;3.76E+00
0.0929;3.76E+00
0.093;3.76E+00
0.0931;3.76E+00
0.0932;3.72E+00
0.0933;3.72E+00
0.0934;3.72E+00
0.0935;3.72E+00
0.0936;3.76E+00
0.0937;3.76E+00
0.0938;3.76E+00
0.0939;3.72E+00
0.094;3.72E+00
0.0941;3.72E+00
0.0942;3.72E+00
0.0943;3.72E+00
0.0944;3.72E+00
0.0945;3.72E+00
0.0946;3.72E+00
0.0947;3.72E+00
0.0948;3.72E+00
0.0949;3.72E+00
0.095;3.72E+00
0.0951;3.72E+00
0.0952;3.72E+00
0.0953;3.72E+00
0.0954;3.72E+00
0.0955;3.72E+00
0.0956;3.72E+00
0.0957;3.72E+00
0.0958;3.72E+00
0.0959;3.72E+00
0.096;3.72E+00
0.0961;3.72E+00
0.0962;3.68E+00
0.0963;3.72E+00
0.0964;3.72E+00
0.0965;3.72E+00
0.0966;3.72E+00
0.0967;3.72E+00
0.0968;3.72E+00
0.0969;3.72E+00
0.097;3.72E+00
0.0971;3.72E+00
0.0972;3.72E+00
0.0973;3.72E+00
0.0974;3.72E+00
0.0975;3.72E+00
0.0976;3.72E+00
0.0977;3.72E+00
0.0978;3.72E+00
0.0979;3.68E+00
0.098;3.72E+00
0.0981;3.68E+00
0.0982;3.68E+00
0.0983;3.68E+00
0.0984;3.72E+00
0.0985;3.68E+00
0.0986;3.68E+00
0.0987;3.68E+00
0.0988;3.68E+00
0.0989;3.68E+00
0.099;3.68E+00
0.0991;3.68E+00
0.0992;3.68E+00
0.0993;3.68E+00
0.0994;3.68E+00
0.0995;3.68E+00
0.0996;3.68E+00
0.0997;3.68E+00
0.0998;3.68E+00
0.0999;3.68E+00
0.1;3.68E+00
0.1001;3.68E+00
0.1002;3.68E+00
0.1003;3.68E+00
0.1004;3.68E+00
0.1005;3.68E+00
0.1006;3.68E+00
0.1007;3.68E+00
0.1008;3.68E+00
0.1009;3.68E+00
0.101;3.68E+00
0.1011;3.68E+00
0.1012;3.68E+00
0.1013;3.68E+00
0.1014;3.68E+00
0.1015;3.68E+00
0.1016;3.68E+00
0.1017;3.68E+00
0.1018;3.68E+00
0.1019;3.68E+00
0.102;3.68E+00
0.1021;3.68E+00
0.1022;3.68E+00
0.1023;3.68E+00
0.1024;3.64E+00
0.1025;3.64E+00
0.1026;3.68E+00
0.1027;3.68E+00
0.1028;3.68E+00
0.1029;3.68E+00
0.103;3.64E+00
0.1031;3.68E+00
0.1032;3.68E+00
0.1033;3.68E+00
0.1034;3.68E+00
0.1035;3.68E+00
0.1036;3.64E+00
0.1037;3.64E+00
0.1038;3.68E+00
0.1039;3.68E+00
0.104;3.68E+00
0.1041;3.64E+00
0.1042;3.68E+00
0.1043;3.68E+00
0.1044;3.64E+00
0.1045;3.64E+00
0.1046;3.64E+00
0.1047;3.68E+00
0.1048;3.64E+00
0.1049;3.64E+00
0.105;3.68E+00
0.1051;3.64E+00
0.1052;3.68E+00
0.1053;3.68E+00
0.1054;3.64E+00
0.1055;3.64E+00
0.1056;3.64E+00
0.1057;3.64E+00
0.1058;3.64E+00
0.1059;3.64E+00
0.106;3.64E+00
0.1061;3.64E+00
0.1062;3.64E+00
0.1063;3.64E+00
0.1064;3.64E+00
0.1065;3.64E+00
0.1066;3.64E+00
0.1067;3.68E+00
0.1068;3.64E+00
0.1069;3.64E+00
0.107;3.64E+00
0.1071;3.68E+00
0.1072;3.64E+00
0.1073;3.64E+00
0.1074;3.64E+00
0.1075;3.64E+00
0.1076;3.64E+00
0.1077;3.64E+00
0.1078;3.64E+00
0.1079;3.64E+00
0.108;3.64E+00
0.1081;3.64E+00
0.1082;3.64E+00
0.1083;3.64E+00
0.1084;3.64E+00
0.1085;3.64E+00
0.1086;3.64E+00
0.1087;3.68E+00
0.1088;3.64E+00
0.1089;3.64E+00
0.109;3.64E+00
0.1091;3.64E+00
0.1092;3.64E+00
0.1093;3.64E+00
0.1094;3.64E+00
0.1095;3.64E+00
0.1096;3.64E+00
0.1097;3.64E+00
0.1098;3.64E+00
0.1099;3.64E+00
0.11;3.60E+00
0.1101;3.64E+00
0.1102;3.64E+00
0.1103;3.68E+00
0.1104;3.64E+00
0.1105;3.64E+00
0.1106;3.64E+00
0.1107;3.64E+00
0.1108;3.64E+00
0.1109;3.64E+00
0.111;3.64E+00
0.1111;3.60E+00
0.1112;3.64E+00
0.1113;3.64E+00
0.1114;3.64E+00
0.1115;3.64E+00
0.1116;3.64E+00
0.1117;3.64E+00
0.1118;3.64E+00
0.1119;3.64E+00
0.112;3.64E+00
0.1121;3.68E+00
0.1122;3.64E+00
0.1123;3.64E+00
0.1124;3.64E+00
0.1125;3.64E+00
0.1126;3.68E+00
0.1127;3.64E+00
0.1128;3.64E+00
0.1129;3.64E+00
0.113;3.64E+00
0.1131;3.64E+00
0.1132;3.64E+00
0.1133;3.64E+00
0.1134;3.68E+00
0.1135;3.64E+00
0.1136;3.64E+00
0.1137;3.64E+00
0.1138;3.64E+00
0.1139;3.64E+00
0.114;3.64E+00
0.1141;3.64E+00
0.1142;3.64E+00
0.1143;3.64E+00
0.1144;3.64E+00
0.1145;3.64E+00
0.1146;3.64E+00
0.1147;3.64E+00
0.1148;3.64E+00
0.1149;3.64E+00
0.115;3.64E+00
0.1151;3.64E+00
0.1152;3.64E+00
0.1153;3.68E+00
0.1154;3.64E+00
0.1155;3.64E+00
0.1156;3.64E+00
0.1157;3.64E+00
0.1158;3.64E+00
0.1159;3.68E+00
0.116;3.64E+00
0.1161;3.64E+00
0.1162;3.68E+00
0.1163;3.64E+00
0.1164;3.64E+00
0.1165;3.64E+00
0.1166;3.64E+00
0.1167;3.64E+00
0.1168;3.64E+00
0.1169;3.64E+00
0.117;3.68E+00
0.1171;3.68E+00
0.1172;3.64E+00
0.1173;3.64E+00
0.1174;3.64E+00
0.1175;3.64E+00
0.1176;3.64E+00
0.1177;3.64E+00
0.1178;3.64E+00
0.1179;3.64E+00
0.118;3.64E+00
0.1181;3.64E+00
0.1182;3.64E+00
0.1183;3.64E+00
0.1184;3.64E+00
0.1185;3.64E+00
0.1186;3.64E+00
0.1187;3.64E+00
0.1188;3.64E+00
0.1189;3.64E+00
0.119;3.64E+00
0.1191;3.68E+00
0.1192;3.64E+00
0.1193;3.64E+00
0.1194;3.64E+00
0.1195;3.64E+00
0.1196;3.64E+00
0.1197;3.68E+00
0.1198;3.68E+00
0.1199;3.64E+00
0.12;3.64E+00
0.1201;3.68E+00
0.1202;3.64E+00
0.1203;3.64E+00
0.1204;3.64E+00
0.1205;3.68E+00
0.1206;3.68E+00
0.1207;3.64E+00
0.1208;3.64E+00
0.1209;3.68E+00
0.121;3.64E+00
0.1211;3.64E+00
0.1212;3.64E+00
0.1213;3.64E+00
0.1214;3.68E+00
0.1215;3.64E+00
0.1216;3.64E+00
0.1217;3.68E+00
0.1218;3.68E+00
0.1219;3.64E+00
0.122;3.68E+00
0.1221;3.64E+00
0.1222;3.68E+00
0.1223;3.68E+00
0.1224;3.64E+00
0.1225;3.64E+00
0.1226;3.68E+00
0.1227;3.68E+00
0.1228;3.64E+00
0.1229;3.68E+00
0.123;3.64E+00
0.1231;3.68E+00
0.1232;3.64E+00
0.1233;3.68E+00
0.1234;3.68E+00
0.1235;3.64E+00
0.1236;3.68E+00
0.1237;3.68E+00
0.1238;3.64E+00
0.1239;3.64E+00
0.124;3.68E+00
0.1241;3.68E+00
0.1242;3.64E+00
0.1243;3.64E+00
0.1244;3.68E+00
0.1245;3.68E+00
0.1246;3.64E+00
0.1247;3.64E+00
0.1248;3.64E+00
0.1249;3.64E+00
0.125;3.68E+00
0.1251;3.68E+00
0.1252;3.68E+00
0.1253;3.68E+00
0.1254;3.68E+00
0.1255;3.68E+00
0.1256;3.64E+00
0.1257;3.64E+00
0.1258;3.68E+00
0.1259;3.64E+00
0.126;3.68E+00
0.1261;3.64E+00
0.1262;3.64E+00
0.1263;3.64E+00
0.1264;3.64E+00
0.1265;3.68E+00
0.1266;3.64E+00
0.1267;3.64E+00
0.1268;3.64E+00
0.1269;3.68E+00
0.127;3.64E+00
0.1271;3.64E+00
0.1272;3.64E+00
0.1273;3.68E+00
0.1274;3.68E+00
0.1275;3.64E+00
0.1276;3.68E+00
0.1277;3.68E+00
0.1278;3.64E+00
0.1279;3.64E+00
0.128;3.64E+00
0.1281;3.68E+00
0.1282;3.68E+00
0.1283;3.64E+00
0.1284;3.68E+00
0.1285;3.64E+00
0.1286;3.68E+00
0.1287;3.68E+00
0.1288;3.64E+00
0.1289;3.64E+00
0.129;3.68E+00
0.1291;3.68E+00
0.1292;3.64E+00
0.1293;3.68E+00
0.1294;3.68E+00
0.1295;3.68E+00
0.1296;3.68E+00
0.1297;3.68E+00
0.1298;3.68E+00
0.1299;3.68E+00
0.13;3.68E+00
0.1301;3.68E+00
0.1302;3.64E+00
0.1303;3.68E+00
0.1304;3.64E+00
0.1305;3.68E+00
0.1306;3.68E+00
0.1307;3.68E+00
0.1308;3.68E+00
0.1309;3.68E+00
0.131;3.68E+00
0.1311;3.68E+00
0.1312;3.64E+00
0.1313;3.64E+00
0.1314;3.68E+00
0.1315;3.64E+00
0.1316;3.68E+00
0.1317;3.68E+00
0.1318;3.68E+00
0.1319;3.68E+00
0.132;3.64E+00
0.1321;3.64E+00
0.1322;3.68E+00
0.1323;3.68E+00
0.1324;3.68E+00
0.1325;3.64E+00
0.1326;3.68E+00
0.1327;3.68E+00
0.1328;3.68E+00
0.1329;3.68E+00
0.133;3.64E+00
0.1331;3.64E+00
0.1332;3.64E+00
0.1333;3.68E+00
0.1334;3.68E+00
0.1335;3.68E+00
0.1336;3.68E+00
0.1337;3.64E+00
0.1338;3.68E+00
0.1339;3.68E+00
0.134;3.68E+00
0.1341;3.64E+00
0.1342;3.68E+00
0.1343;3.68E+00
0.1344;3.68E+00
0.1345;3.68E+00
0.1346;3.68E+00
0.1347;3.64E+00
0.1348;3.68E+00
0.1349;3.64E+00
0.135;3.68E+00
0.1351;3.64E+00
0.1352;3.68E+00
0.1353;3.64E+00
0.1354;3.68E+00
0.1355;3.68E+00
0.1356;3.68E+00
0.1357;3.68E+00
0.1358;3.68E+00
0.1359;3.68E+00
0.136;3.68E+00
0.1361;3.68E+00
0.1362;3.68E+00
0.1363;3.68E+00
0.1364;3.68E+00
0.1365;3.68E+00
0.1366;3.68E+00
0.1367;3.68E+00
0.1368;3.68E+00
0.1369;3.68E+00
0.137;3.68E+00
0.1371;3.64E+00
0.1372;3.68E+00
0.1373;3.68E+00
0.1374;3.68E+00
0.1375;3.68E+00
0.1376;3.68E+00
0.1377;3.68E+00
0.1378;3.64E+00
0.1379;3.64E+00
0.138;3.68E+00
0.1381;3.68E+00
0.1382;3.68E+00
0.1383;3.68E+00
0.1384;3.68E+00
0.1385;3.68E+00
0.1386;3.68E+00
0.1387;3.68E+00
0.1388;3.68E+00
0.1389;3.68E+00
0.139;3.68E+00
0.1391;3.64E+00
0.1392;3.68E+00
0.1393;3.68E+00
0.1394;3.68E+00
0.1395;3.68E+00
0.1396;3.68E+00
0.1397;3.68E+00
0.1398;3.68E+00
0.1399;3.68E+00
0.14;3.68E+00
0.1401;3.68E+00
0.1402;3.68E+00
0.1403;3.68E+00
0.1404;3.64E+00
0.1405;3.68E+00
0.1406;3.64E+00
0.1407;3.68E+00
0.1408;3.64E+00
0.1409;3.68E+00
0.141;3.64E+00
0.1411;3.68E+00
0.1412;3.68E+00
0.1413;3.68E+00
0.1414;3.68E+00
0.1415;3.68E+00
0.1416;3.68E+00
0.1417;3.64E+00
0.1418;3.68E+00
0.1419;3.64E+00
0.142;3.68E+00
0.1421;3.68E+00
0.1422;3.64E+00
0.1423;3.68E+00
0.1424;3.68E+00
0.1425;3.68E+00
0.1426;3.68E+00
0.1427;3.68E+00
0.1428;3.64E+00
0.1429;3.64E+00
0.143;3.68E+00
0.1431;3.68E+00
0.1432;3.68E+00
0.1433;3.68E+00
0.1434;3.68E+00
0.1435;3.64E+00
0.1436;3.68E+00
0.1437;3.68E+00
0.1438;3.68E+00
0.1439;3.68E+00
0.144;3.68E+00
0.1441;3.68E+00
0.1442;3.68E+00
0.1443;3.68E+00
0.1444;3.68E+00
0.1445;3.68E+00
0.1446;3.68E+00
0.1447;3.68E+00
0.1448;3.68E+00
0.1449;3.68E+00
0.145;3.64E+00
0.1451;3.68E+00
0.1452;3.68E+00
0.1453;3.68E+00
0.1454;3.68E+00
0.1455;3.68E+00
0.1456;3.68E+00
0.1457;3.68E+00
0.1458;3.68E+00
0.1459;3.68E+00
0.146;3.68E+00
0.1461;3.68E+00
0.1462;3.68E+00
0.1463;3.68E+00
0.1464;3.68E+00
0.1465;3.68E+00
0.1466;3.68E+00
0.1467;3.68E+00
0.1468;3.68E+00
0.1469;3.68E+00
0.147;3.68E+00
0.1471;3.68E+00
0.1472;3.68E+00
0.1473;3.68E+00
0.1474;3.68E+00
0.1475;3.68E+00
0.1476;3.68E+00
0.1477;3.68E+00
0.1478;3.68E+00
0.1479;3.68E+00
0.148;3.68E+00
0.1481;3.68E+00
0.1482;3.68E+00
0.1483;3.68E+00
0.1484;3.68E+00
0.1485;3.68E+00
0.1486;3.68E+00
0.1487;3.68E+00
0.1488;3.68E+00
0.1489;3.68E+00
0.149;3.68E+00
0.1491;3.68E+00
0.1492;3.68E+00
0.1493;3.68E+00
0.1494;3.68E+00
0.1495;3.68E+00
0.1496;3.68E+00
0.1497;3.68E+00
0.1498;3.68E+00
0.1499;3.68E+00
0.15;3.64E+00
0.1501;3.68E+00
0.1502;3.68E+00
0.1503;3.68E+00
0.1504;3.68E+00
0.1505;3.68E+00
0.1506;3.68E+00
0.1507;3.68E+00
0.1508;3.68E+00
0.1509;3.68E+00
0.151;3.68E+00
0.1511;3.68E+00
0.1512;3.68E+00
0.1513;3.68E+00
0.1514;3.68E+00
0.1515;3.68E+00
0.1516;3.68E+00
0.1517;3.68E+00
0.1518;3.68E+00
0.1519;3.68E+00
0.152;3.68E+00
0.1521;3.64E+00
0.1522;3.68E+00
0.1523;3.68E+00
0.1524;3.68E+00
0.1525;3.68E+00
0.1526;3.68E+00
0.1527;3.68E+00
0.1528;3.68E+00
0.1529;3.68E+00
0.153;3.64E+00
0.1531;3.68E+00
0.1532;3.68E+00
0.1533;3.68E+00
0.1534;3.68E+00
0.1535;3.68E+00
0.1536;3.68E+00
0.1537;3.64E+00
0.1538;3.68E+00
0.1539;3.68E+00
0.154;3.68E+00
0.1541;3.68E+00
0.1542;3.68E+00
0.1543;3.68E+00
0.1544;3.68E+00
0.1545;3.68E+00
0.1546;3.68E+00
0.1547;3.68E+00
0.1548;3.68E+00
0.1549;3.68E+00
0.155;3.68E+00
0.1551;3.68E+00
0.1552;3.68E+00
0.1553;3.68E+00
0.1554;3.68E+00
0.1555;3.68E+00
0.1556;3.68E+00
0.1557;3.68E+00
0.1558;3.68E+00
0.1559;3.68E+00
0.156;3.68E+00
0.1561;3.68E+00
0.1562;3.68E+00
0.1563;3.68E+00
0.1564;3.68E+00
0.1565;3.68E+00
0.1566;3.68E+00
0.1567;3.68E+00
0.1568;3.68E+00
0.1569;3.68E+00
0.157;3.68E+00
0.1571;3.68E+00
0.1572;3.68E+00
0.1573;3.68E+00
0.1574;3.68E+00
0.1575;3.68E+00
0.1576;3.68E+00
0.1577;3.68E+00
0.1578;3.68E+00
0.1579;3.68E+00
0.158;3.68E+00
0.1581;3.68E+00
0.1582;3.68E+00
0.1583;3.68E+00
0.1584;3.64E+00
0.1585;3.68E+00
0.1586;3.68E+00
0.1587;3.68E+00
0.1588;3.68E+00
0.1589;3.68E+00
0.159;3.68E+00
0.1591;3.68E+00
0.1592;3.64E+00
0.1593;3.68E+00
0.1594;3.68E+00
0.1595;3.68E+00
0.1596;3.68E+00
0.1597;3.68E+00
0.1598;3.68E+00
0.1599;3.68E+00
0.16;3.68E+00
0.1601;3.68E+00
0.1602;3.68E+00
0.1603;3.68E+00
0.1604;3.68E+00
0.1605;3.68E+00
0.1606;3.68E+00
0.1607;3.68E+00
0.1608;3.68E+00
0.1609;3.68E+00
0.161;3.68E+00
0.1611;3.68E+00
0.1612;3.68E+00
0.1613;3.68E+00
0.1614;3.68E+00
0.1615;3.68E+00
0.1616;3.68E+00
0.1617;3.68E+00
0.1618;3.68E+00
0.1619;3.68E+00
0.162;3.68E+00
0.1621;3.68E+00
0.1622;3.68E+00
0.1623;3.64E+00
0.1624;3.68E+00
0.1625;3.68E+00
0.1626;3.68E+00
0.1627;3.68E+00
0.1628;3.68E+00
0.1629;3.68E+00
0.163;3.68E+00
0.1631;3.68E+00
0.1632;3.68E+00
0.1633;3.68E+00
0.1634;3.68E+00
0.1635;3.68E+00
0.1636;3.68E+00
0.1637;3.68E+00
0.1638;3.68E+00
0.1639;3.68E+00
0.164;3.68E+00
0.1641;3.68E+00
0.1642;3.68E+00
0.1643;3.68E+00
0.1644;3.68E+00
0.1645;3.68E+00
0.1646;3.68E+00
0.1647;3.68E+00
0.1648;3.68E+00
0.1649;3.68E+00
0.165;3.64E+00
0.1651;3.68E+00
0.1652;3.68E+00
0.1653;3.68E+00
0.1654;3.68E+00
0.1655;3.68E+00
0.1656;3.68E+00
0.1657;3.68E+00
0.1658;3.68E+00
0.1659;3.68E+00
0.166;3.68E+00
0.1661;3.68E+00
0.1662;3.68E+00
0.1663;3.68E+00
0.1664;3.68E+00
0.1665;3.68E+00
0.1666;3.68E+00
0.1667;3.64E+00
0.1668;3.68E+00
0.1669;3.68E+00
0.167;3.68E+00
0.1671;3.68E+00
0.1672;3.68E+00
0.1673;3.68E+00
0.1674;3.68E+00
0.1675;3.64E+00
0.1676;3.68E+00
0.1677;3.68E+00
0.1678;3.68E+00
0.1679;3.68E+00
0.168;3.68E+00
0.1681;3.68E+00
0.1682;3.68E+00
0.1683;3.68E+00
0.1684;3.68E+00
0.1685;3.68E+00
0.1686;3.68E+00
0.1687;3.68E+00
0.1688;3.68E+00
0.1689;3.68E+00
0.169;3.68E+00
0.1691;3.68E+00
0.1692;3.68E+00
0.1693;3.68E+00
0.1694;3.68E+00
0.1695;3.68E+00
0.1696;3.68E+00
0.1697;3.64E+00
0.1698;3.68E+00
0.1699;3.64E+00
0.17;3.68E+00
0.1701;3.68E+00
0.1702;3.68E+00
0.1703;3.68E+00
0.1704;3.68E+00
0.1705;3.68E+00
0.1706;3.68E+00
0.1707;3.68E+00
0.1708;3.68E+00
0.1709;3.68E+00
0.171;3.68E+00
0.1711;3.68E+00
0.1712;3.68E+00
0.1713;3.68E+00
0.1714;3.68E+00
0.1715;3.68E+00
0.1716;3.68E+00
0.1717;3.64E+00
0.1718;3.68E+00
0.1719;3.68E+00
0.172;3.68E+00
0.1721;3.68E+00
0.1722;3.68E+00
0.1723;3.68E+00
0.1724;3.68E+00
0.1725;3.68E+00
0.1726;3.68E+00
0.1727;3.68E+00
0.1728;3.68E+00
0.1729;3.68E+00
0.173;3.68E+00
0.1731;3.68E+00
0.1732;3.68E+00
0.1733;3.68E+00
0.1734;3.68E+00
0.1735;3.68E+00
0.1736;3.68E+00
0.1737;3.68E+00
0.1738;3.68E+00
0.1739;3.68E+00
0.174;3.68E+00
0.1741;3.68E+00
0.1742;3.68E+00
0.1743;3.68E+00
0.1744;3.68E+00
0.1745;3.68E+00
0.1746;3.68E+00
0.1747;3.68E+00
0.1748;3.64E+00
0.1749;3.68E+00
0.175;3.68E+00
0.1751;3.64E+00
0.1752;3.68E+00
0.1753;3.68E+00
0.1754;3.68E+00
0.1755;3.68E+00
0.1756;3.68E+00
0.1757;3.68E+00
0.1758;3.68E+00
0.1759;3.68E+00
0.176;3.68E+00
0.1761;3.68E+00
0.1762;3.68E+00
0.1763;3.68E+00
0.1764;3.64E+00
0.1765;3.68E+00
0.1766;3.68E+00
0.1767;3.68E+00
0.1768;3.68E+00
0.1769;3.68E+00
0.177;3.64E+00
0.1771;3.68E+00
0.1772;3.68E+00
0.1773;3.68E+00
0.1774;3.68E+00
0.1775;3.68E+00
0.1776;3.68E+00
0.1777;3.64E+00
0.1778;3.68E+00
0.1779;3.68E+00
0.178;3.68E+00
0.1781;3.64E+00
0.1782;3.68E+00
0.1783;3.64E+00
0.1784;3.68E+00
0.1785;3.68E+00
0.1786;3.68E+00
0.1787;3.68E+00
0.1788;3.68E+00
0.1789;3.68E+00
0.179;3.68E+00
0.1791;3.64E+00
0.1792;3.68E+00
0.1793;3.68E+00
0.1794;3.68E+00
0.1795;3.68E+00
0.1796;3.68E+00
0.1797;3.68E+00
0.1798;3.68E+00
0.1799;3.68E+00
0.18;3.68E+00
0.1801;3.68E+00
0.1802;3.68E+00
0.1803;3.68E+00
0.1804;3.68E+00
0.1805;3.68E+00
0.1806;3.68E+00
0.1807;3.68E+00
0.1808;3.68E+00
0.1809;3.68E+00
0.181;3.68E+00
0.1811;3.68E+00
0.1812;3.68E+00
0.1813;3.68E+00
0.1814;3.68E+00
0.1815;3.68E+00
0.1816;3.68E+00
0.1817;3.68E+00
0.1818;3.68E+00
0.1819;3.68E+00
0.182;3.68E+00
0.1821;3.68E+00
0.1822;3.68E+00
0.1823;3.68E+00
0.1824;3.64E+00
0.1825;3.68E+00
0.1826;3.68E+00
0.1827;3.68E+00
0.1828;3.68E+00
0.1829;3.68E+00
0.183;3.68E+00
0.1831;3.68E+00
0.1832;3.68E+00
0.1833;3.68E+00
0.1834;3.68E+00
0.1835;3.68E+00
0.1836;3.68E+00
0.1837;3.68E+00
0.1838;3.68E+00
0.1839;3.68E+00
0.184;3.68E+00
0.1841;3.68E+00
0.1842;3.64E+00
0.1843;3.68E+00
0.1844;3.68E+00
0.1845;3.68E+00
0.1846;3.68E+00
0.1847;3.68E+00
0.1848;3.64E+00
0.1849;3.68E+00
0.185;3.68E+00
0.1851;3.68E+00
0.1852;3.68E+00
0.1853;3.64E+00
0.1854;3.68E+00
0.1855;3.64E+00
0.1856;3.68E+00
0.1857;3.68E+00
0.1858;3.68E+00
0.1859;3.68E+00
0.186;3.68E+00
0.1861;3.68E+00
0.1862;3.68E+00
0.1863;3.68E+00
0.1864;3.64E+00
0.1865;3.68E+00
0.1866;3.68E+00
0.1867;3.68E+00
0.1868;3.68E+00
0.1869;3.68E+00
0.187;3.68E+00
0.1871;3.68E+00
0.1872;3.64E+00
0.1873;3.68E+00
0.1874;3.68E+00
0.1875;3.64E+00
0.1876;3.68E+00
0.1877;3.64E+00
0.1878;3.64E+00
0.1879;3.68E+00
0.188;3.68E+00
0.1881;3.68E+00
0.1882;3.68E+00
0.1883;3.68E+00
0.1884;3.68E+00
0.1885;3.68E+00
0.1886;3.68E+00
0.1887;3.64E+00
0.1888;3.68E+00
0.1889;3.68E+00
0.189;3.68E+00
0.1891;3.68E+00
0.1892;3.68E+00
0.1893;3.68E+00
0.1894;3.68E+00
0.1895;3.68E+00
0.1896;3.68E+00
0.1897;3.68E+00
0.1898;3.68E+00
0.1899;3.68E+00
0.19;3.68E+00
0.1901;3.68E+00
0.1902;3.68E+00
0.1903;3.68E+00
0.1904;3.68E+00
0.1905;3.68E+00
0.1906;3.68E+00
0.1907;3.68E+00
0.1908;3.64E+00
0.1909;3.68E+00
0.191;3.68E+00
0.1911;3.68E+00
0.1912;3.68E+00
0.1913;3.68E+00
0.1914;3.68E+00
0.1915;3.68E+00
0.1916;3.68E+00
0.1917;3.68E+00
0.1918;3.68E+00
0.1919;3.68E+00
0.192;3.68E+00
0.1921;3.68E+00
0.1922;3.68E+00
0.1923;3.68E+00
0.1924;3.68E+00
0.1925;3.68E+00
0.1926;3.68E+00
0.1927;3.68E+00
0.1928;3.68E+00
0.1929;3.68E+00
0.193;3.68E+00
0.1931;3.64E+00
0.1932;3.68E+00
0.1933;3.68E+00
0.1934;3.68E+00
0.1935;3.68E+00
0.1936;3.68E+00
0.1937;3.68E+00
0.1938;3.68E+00
0.1939;3.68E+00
0.194;3.68E+00
0.1941;3.68E+00
0.1942;3.68E+00
0.1943;3.64E+00
0.1944;3.68E+00
0.1945;3.68E+00
0.1946;3.68E+00
0.1947;3.68E+00
0.1948;3.68E+00
0.1949;3.68E+00
0.195;3.68E+00
0.1951;3.68E+00
0.1952;3.64E+00
0.1953;3.68E+00
0.1954;3.68E+00
0.1955;3.68E+00
0.1956;3.64E+00
0.1957;3.68E+00
0.1958;3.68E+00
0.1959;3.68E+00
0.196;3.68E+00
0.1961;3.68E+00
0.1962;3.68E+00
0.1963;3.68E+00
0.1964;3.68E+00
0.1965;3.68E+00
0.1966;3.68E+00
0.1967;3.68E+00
0.1968;3.68E+00
0.1969;3.64E+00
0.197;3.68E+00
0.1971;3.68E+00
0.1972;3.68E+00
0.1973;3.68E+00
0.1974;3.68E+00
0.1975;3.68E+00
0.1976;3.68E+00
0.1977;3.68E+00
0.1978;3.68E+00
0.1979;3.68E+00
0.198;3.68E+00
0.1981;3.68E+00
0.1982;3.68E+00
0.1983;3.68E+00
0.1984;3.68E+00
0.1985;3.64E+00
0.1986;3.68E+00
0.1987;3.68E+00
0.1988;3.68E+00
0.1989;3.68E+00
0.199;3.68E+00
0.1991;3.68E+00
0.1992;3.68E+00
0.1993;3.68E+00
0.1994;3.68E+00
0.1995;3.68E+00
0.1996;3.68E+00
0.1997;3.68E+00
0.1998;3.68E+00
0.1999;3.68E+00
0.2;3.68E+00
0.2001;3.68E+00
0.2002;3.64E+00
0.2003;3.68E+00
0.2004;3.68E+00
0.2005;3.68E+00
0.2006;3.64E+00
0.2007;3.68E+00
0.2008;3.68E+00
0.2009;3.68E+00
0.201;3.64E+00
0.2011;3.68E+00
0.2012;3.68E+00
0.2013;3.68E+00
0.2014;3.68E+00
0.2015;3.68E+00
0.2016;3.68E+00
0.2017;3.68E+00
0.2018;3.68E+00
0.2019;3.68E+00
0.202;3.68E+00
0.2021;3.64E+00
0.2022;3.68E+00
0.2023;3.68E+00
0.2024;3.68E+00
0.2025;3.68E+00
0.2026;3.68E+00
0.2027;3.68E+00
0.2028;3.68E+00
0.2029;3.68E+00
0.203;3.64E+00
0.2031;3.68E+00
0.2032;3.68E+00
0.2033;3.68E+00
0.2034;3.68E+00
0.2035;3.68E+00
0.2036;3.68E+00
0.2037;3.68E+00
0.2038;3.68E+00
0.2039;3.68E+00
0.204;3.68E+00
0.2041;3.68E+00
0.2042;3.68E+00
0.2043;3.68E+00
0.2044;3.68E+00
0.2045;3.68E+00
0.2046;3.68E+00
0.2047;3.68E+00
0.2048;3.68E+00
0.2049;3.64E+00
0.205;3.68E+00
0.2051;3.68E+00
0.2052;3.68E+00
0.2053;3.68E+00
0.2054;3.68E+00
0.2055;3.68E+00
0.2056;3.68E+00
0.2057;3.68E+00
0.2058;3.68E+00
0.2059;3.68E+00
0.206;3.68E+00
0.2061;3.68E+00
0.2062;3.68E+00
0.2063;3.68E+00
0.2064;3.68E+00
0.2065;3.68E+00
0.2066;3.68E+00
0.2067;3.68E+00
0.2068;3.68E+00
0.2069;3.68E+00
0.207;3.68E+00
0.2071;3.68E+00
0.2072;3.68E+00
0.2073;3.64E+00
0.2074;3.68E+00
0.2075;3.68E+00
0.2076;3.68E+00
0.2077;3.68E+00
0.2078;3.68E+00
0.2079;3.68E+00
0.208;3.68E+00
0.2081;3.68E+00
0.2082;3.68E+00
0.2083;3.68E+00
0.2084;3.68E+00
0.2085;3.68E+00
0.2086;3.68E+00
0.2087;3.68E+00
0.2088;3.68E+00
0.2089;3.68E+00
0.209;3.68E+00
0.2091;3.68E+00
0.2092;3.68E+00
0.2093;3.68E+00
0.2094;3.68E+00
0.2095;3.68E+00
0.2096;3.68E+00
0.2097;3.68E+00
0.2098;3.68E+00
0.2099;3.68E+00
0.21;3.68E+00
0.2101;3.68E+00
0.2102;3.68E+00
0.2103;3.68E+00
0.2104;3.68E+00
0.2105;3.68E+00
0.2106;3.68E+00
0.2107;3.68E+00
0.2108;3.68E+00
0.2109;3.68E+00
0.211;3.68E+00
0.2111;3.68E+00
0.2112;3.68E+00
0.2113;3.68E+00
0.2114;3.68E+00
0.2115;3.68E+00
0.2116;3.68E+00
0.2117;3.68E+00
0.2118;3.68E+00
0.2119;3.68E+00
0.212;3.68E+00
0.2121;3.68E+00
0.2122;3.68E+00
0.2123;3.68E+00
0.2124;3.68E+00
0.2125;3.68E+00
0.2126;3.68E+00
0.2127;3.68E+00
0.2128;3.68E+00
0.2129;3.68E+00
0.213;3.68E+00
0.2131;3.68E+00
0.2132;3.68E+00
0.2133;3.68E+00
0.2134;3.68E+00
0.2135;3.68E+00
0.2136;3.68E+00
0.2137;3.68E+00
0.2138;3.68E+00
0.2139;3.68E+00
0.214;3.68E+00
0.2141;3.68E+00
0.2142;3.68E+00
0.2143;3.68E+00
0.2144;3.68E+00
0.2145;3.68E+00
0.2146;3.68E+00
0.2147;3.68E+00
0.2148;3.68E+00
0.2149;3.68E+00
0.215;3.68E+00
0.2151;3.68E+00
0.2152;3.68E+00
0.2153;3.68E+00
0.2154;3.68E+00
0.2155;3.68E+00
0.2156;3.68E+00
0.2157;3.68E+00
0.2158;3.68E+00
0.2159;3.68E+00
0.216;3.68E+00
0.2161;3.68E+00
0.2162;3.68E+00
0.2163;3.68E+00
0.2164;3.68E+00
0.2165;3.68E+00
0.2166;3.68E+00
0.2167;3.68E+00
0.2168;3.68E+00
0.2169;3.68E+00
0.217;3.68E+00
0.2171;3.68E+00
0.2172;3.68E+00
0.2173;3.68E+00
0.2174;3.68E+00
0.2175;3.68E+00
0.2176;3.68E+00
0.2177;3.68E+00
0.2178;3.68E+00
0.2179;3.68E+00
0.218;3.68E+00
0.2181;3.68E+00
0.2182;3.68E+00
0.2183;3.68E+00
0.2184;3.68E+00
0.2185;3.68E+00
0.2186;3.68E+00
0.2187;3.68E+00
0.2188;3.68E+00
0.2189;3.68E+00
0.219;3.68E+00
0.2191;3.68E+00
0.2192;3.68E+00
0.2193;3.68E+00
0.2194;3.68E+00
0.2195;3.68E+00
0.2196;3.68E+00
0.2197;3.68E+00
0.2198;3.68E+00
0.2199;3.68E+00
0.22;3.68E+00
0.2201;3.68E+00
0.2202;3.68E+00
0.2203;3.68E+00
0.2204;3.68E+00
0.2205;3.68E+00
0.2206;3.68E+00
0.2207;3.68E+00
0.2208;3.68E+00
0.2209;3.68E+00
0.221;3.68E+00
0.2211;3.68E+00
0.2212;3.68E+00
0.2213;3.68E+00
0.2214;3.68E+00
0.2215;3.68E+00
0.2216;3.68E+00
0.2217;3.68E+00
0.2218;3.68E+00
0.2219;3.68E+00
0.222;3.68E+00
0.2221;3.68E+00
0.2222;3.68E+00
0.2223;3.68E+00
0.2224;3.68E+00
0.2225;3.68E+00
0.2226;3.68E+00
0.2227;3.68E+00
0.2228;3.68E+00
0.2229;3.68E+00
0.223;3.68E+00
0.2231;3.68E+00
0.2232;3.68E+00
0.2233;3.68E+00
0.2234;3.68E+00
0.2235;3.68E+00
0.2236;3.68E+00
0.2237;3.68E+00
0.2238;3.68E+00
0.2239;3.68E+00
0.224;3.68E+00
0.2241;3.64E+00
0.2242;3.68E+00
0.2243;3.68E+00
0.2244;3.68E+00
0.2245;3.68E+00
0.2246;3.68E+00
0.2247;3.68E+00
0.2248;3.68E+00
0.2249;3.68E+00
0.225;3.68E+00
0.2251;3.68E+00
0.2252;3.68E+00
0.2253;3.68E+00
0.2254;3.68E+00
0.2255;3.68E+00
0.2256;3.68E+00
0.2257;3.68E+00
0.2258;3.68E+00
0.2259;3.68E+00
0.226;3.68E+00
0.2261;3.68E+00
0.2262;3.68E+00
0.2263;3.68E+00
0.2264;3.68E+00
0.2265;3.72E+00
0.2266;3.68E+00
0.2267;3.68E+00
0.2268;3.68E+00
0.2269;3.68E+00
0.227;3.68E+00
0.2271;3.68E+00
0.2272;3.68E+00
0.2273;3.64E+00
0.2274;3.68E+00
0.2275;3.68E+00
0.2276;3.68E+00
0.2277;3.68E+00
0.2278;3.68E+00
0.2279;3.68E+00
0.228;3.68E+00
0.2281;3.68E+00
0.2282;3.68E+00
0.2283;3.68E+00
0.2284;3.68E+00
0.2285;3.68E+00
0.2286;3.68E+00
0.2287;3.68E+00
0.2288;3.68E+00
0.2289;3.72E+00
0.229;3.68E+00
0.2291;3.68E+00
0.2292;3.68E+00
0.2293;3.68E+00
0.2294;3.68E+00
0.2295;3.68E+00
0.2296;3.68E+00
0.2297;3.68E+00
0.2298;3.68E+00
0.2299;3.68E+00
0.23;3.68E+00
0.2301;3.68E+00
0.2302;3.68E+00
0.2303;3.68E+00
0.2304;3.68E+00
0.2305;3.68E+00
0.2306;3.68E+00
0.2307;3.68E+00
0.2308;3.68E+00
0.2309;3.68E+00
0.231;3.68E+00
0.2311;3.68E+00
0.2312;3.68E+00
0.2313;3.68E+00
0.2314;3.68E+00
0.2315;3.68E+00
0.2316;3.68E+00
0.2317;3.68E+00
0.2318;3.68E+00
0.2319;3.68E+00
0.232;3.68E+00
0.2321;3.68E+00
0.2322;3.68E+00
0.2323;3.68E+00
0.2324;3.68E+00
0.2325;3.68E+00
0.2326;3.68E+00
0.2327;3.68E+00
0.2328;3.68E+00
0.2329;3.68E+00
0.233;3.68E+00
0.2331;3.68E+00
0.2332;3.68E+00
0.2333;3.68E+00
0.2334;3.68E+00
0.2335;3.68E+00
0.2336;3.64E+00
0.2337;3.68E+00
0.2338;3.68E+00
0.2339;3.68E+00
0.234;3.68E+00
0.2341;3.68E+00
0.2342;3.68E+00
0.2343;3.68E+00
0.2344;3.68E+00
0.2345;3.68E+00
0.2346;3.68E+00
0.2347;3.68E+00
0.2348;3.68E+00
0.2349;3.68E+00
0.235;3.68E+00
0.2351;3.64E+00
0.2352;3.64E+00
0.2353;3.68E+00
0.2354;3.68E+00
0.2355;3.68E+00
0.2356;3.68E+00
0.2357;3.68E+00
0.2358;3.68E+00
0.2359;3.68E+00
0.236;3.68E+00
0.2361;3.68E+00
0.2362;3.68E+00
0.2363;3.68E+00
0.2364;3.68E+00
0.2365;3.68E+00
0.2366;3.68E+00
0.2367;3.68E+00
0.2368;3.68E+00
0.2369;3.68E+00
0.237;3.64E+00
0.2371;3.68E+00
0.2372;3.68E+00
0.2373;3.68E+00
0.2374;3.68E+00
0.2375;3.68E+00
0.2376;3.68E+00
0.2377;3.68E+00
0.2378;3.68E+00
0.2379;3.68E+00
0.238;3.68E+00
0.2381;3.68E+00
0.2382;3.68E+00
0.2383;3.68E+00
0.2384;3.68E+00
0.2385;3.68E+00
0.2386;3.68E+00
0.2387;3.68E+00
0.2388;3.68E+00
0.2389;3.68E+00
0.239;3.68E+00
0.2391;3.64E+00
0.2392;3.68E+00
0.2393;3.68E+00
0.2394;3.68E+00
0.2395;3.68E+00
0.2396;3.68E+00
0.2397;3.68E+00
0.2398;3.68E+00
0.2399;3.68E+00
0.24;3.68E+00
0.2401;3.68E+00
0.2402;3.68E+00
0.2403;3.68E+00
0.2404;3.68E+00
0.2405;3.68E+00
0.2406;3.68E+00
0.2407;3.68E+00
0.2408;3.68E+00
0.2409;3.68E+00
0.241;3.68E+00
0.2411;3.68E+00
0.2412;3.68E+00
0.2413;3.68E+00
0.2414;3.68E+00
0.2415;3.68E+00
0.2416;3.68E+00
0.2417;3.68E+00
0.2418;3.68E+00
0.2419;3.68E+00
0.242;3.68E+00
0.2421;3.68E+00
0.2422;3.68E+00
0.2423;3.68E+00
0.2424;3.68E+00
0.2425;3.68E+00
0.2426;3.68E+00
0.2427;3.68E+00
0.2428;3.68E+00
0.2429;3.68E+00
0.243;3.68E+00
0.2431;3.68E+00
0.2432;3.68E+00
0.2433;3.68E+00
0.2434;3.64E+00
0.2435;3.68E+00
0.2436;3.68E+00
0.2437;3.68E+00
0.2438;3.68E+00
0.2439;3.68E+00
0.244;3.68E+00
0.2441;3.68E+00
0.2442;3.68E+00
0.2443;3.68E+00
0.2444;3.68E+00
0.2445;3.68E+00
0.2446;3.68E+00
0.2447;3.68E+00
0.2448;3.68E+00
0.2449;3.68E+00
0.245;3.68E+00
0.2451;3.68E+00
0.2452;3.68E+00
0.2453;3.68E+00
0.2454;3.68E+00
0.2455;3.68E+00
0.2456;3.68E+00
0.2457;3.68E+00
0.2458;3.68E+00
0.2459;3.68E+00
0.246;3.68E+00
0.2461;3.68E+00
0.2462;3.68E+00
0.2463;3.68E+00
0.2464;3.68E+00
0.2465;3.68E+00
0.2466;3.68E+00
0.2467;3.68E+00
0.2468;3.68E+00
0.2469;3.68E+00
0.247;3.68E+00
0.2471;3.68E+00
0.2472;3.68E+00
0.2473;3.68E+00
0.2474;3.68E+00
0.2475;3.68E+00
0.2476;3.68E+00
0.2477;3.68E+00
0.2478;3.68E+00
0.2479;3.68E+00
0.248;3.68E+00
0.2481;3.68E+00
0.2482;3.68E+00
0.2483;3.68E+00
0.2484;3.68E+00
0.2485;3.68E+00
0.2486;3.68E+00
0.2487;3.68E+00
0.2488;3.68E+00
0.2489;3.68E+00
0.249;3.68E+00
0.2491;3.68E+00
0.2492;3.68E+00
0.2493;3.68E+00
0.2494;3.68E+00
0.2495;3.68E+00
0.2496;3.68E+00
0.2497;3.68E+00
0.2498;3.68E+00
0.2499;3.68E+00
