ti;t;Vi;V
0;-0.04;0.00E+00;0.00E+00
0.0001;-0.0399;0.00E+00;0.00E+00
0.0002;-0.0398;0.00E+00;0.00E+00
0.0003;-0.0397;0.00E+00;0.00E+00
0.0004;-0.0396;-4.00E-02;-1.09E-02
0.0005;-0.0395;-4.00E-02;-1.09E-02
0.0006;-0.0394;0.00E+00;0.00E+00
0.0007;-0.0393;-4.00E-02;-1.09E-02
0.0008;-0.0392;0.00E+00;0.00E+00
0.0009;-0.0391;0.00E+00;0.00E+00
0.001;-0.039;0.00E+00;0.00E+00
0.0011;-0.0389;-4.00E-02;-1.09E-02
0.0012;-0.0388;0.00E+00;0.00E+00
0.0013;-0.0387;0.00E+00;0.00E+00
0.0014;-0.0386;0.00E+00;0.00E+00
0.0015;-0.0385;-4.00E-02;-1.09E-02
0.0016;-0.0384;-4.00E-02;-1.09E-02
0.0017;-0.0383;-4.00E-02;-1.09E-02
0.0018;-0.0382;0.00E+00;0.00E+00
0.0019;-0.0381;0.00E+00;0.00E+00
0.002;-0.038;-4.00E-02;-1.09E-02
0.0021;-0.0379;-4.00E-02;-1.09E-02
0.0022;-0.0378;-4.00E-02;-1.09E-02
0.0023;-0.0377;-4.00E-02;-1.09E-02
0.0024;-0.0376;-4.00E-02;-1.09E-02
0.0025;-0.0375;-4.00E-02;-1.09E-02
0.0026;-0.0374;-4.00E-02;-1.09E-02
0.0027;-0.0373;-4.00E-02;-1.09E-02
0.0028;-0.0372;-4.00E-02;-1.09E-02
0.0029;-0.0371;-4.00E-02;-1.09E-02
0.003;-0.037;-4.00E-02;-1.09E-02
0.0031;-0.0369;-4.00E-02;-1.09E-02
0.0032;-0.0368;0.00E+00;0.00E+00
0.0033;-0.0367;0.00E+00;0.00E+00
0.0034;-0.0366;-4.00E-02;-1.09E-02
0.0035;-0.0365;0.00E+00;0.00E+00
0.0036;-0.0364;0.00E+00;0.00E+00
0.0037;-0.0363;0.00E+00;0.00E+00
0.0038;-0.0362;-4.00E-02;-1.09E-02
0.0039;-0.0361;-4.00E-02;-1.09E-02
0.004;-0.036;-4.00E-02;-1.09E-02
0.0041;-0.0359;-4.00E-02;-1.09E-02
0.0042;-0.0358;-4.00E-02;-1.09E-02
0.0043;-0.0357;0.00E+00;0.00E+00
0.0044;-0.0356;0.00E+00;0.00E+00
0.0045;-0.0355;0.00E+00;0.00E+00
0.0046;-0.0354;0.00E+00;0.00E+00
0.0047;-0.0353;0.00E+00;0.00E+00
0.0048;-0.0352;-4.00E-02;-1.09E-02
0.0049;-0.0351;-4.00E-02;-1.09E-02
0.005;-0.035;0.00E+00;0.00E+00
0.0051;-0.0349;0.00E+00;0.00E+00
0.0052;-0.0348;0.00E+00;0.00E+00
0.0053;-0.0347;0.00E+00;0.00E+00
0.0054;-0.0346;0.00E+00;0.00E+00
0.0055;-0.0345;0.00E+00;0.00E+00
0.0056;-0.0344;0.00E+00;0.00E+00
0.0057;-0.0343;0.00E+00;0.00E+00
0.0058;-0.0342;-4.00E-02;-1.09E-02
0.0059;-0.0341;0.00E+00;0.00E+00
0.006;-0.034;-4.00E-02;-1.09E-02
0.0061;-0.0339;-4.00E-02;-1.09E-02
0.0062;-0.0338;-4.00E-02;-1.09E-02
0.0063;-0.0337;-4.00E-02;-1.09E-02
0.0064;-0.0336;-4.00E-02;-1.09E-02
0.0065;-0.0335;-4.00E-02;-1.09E-02
0.0066;-0.0334;-4.00E-02;-1.09E-02
0.0067;-0.0333;-4.00E-02;-1.09E-02
0.0068;-0.0332;0.00E+00;0.00E+00
0.0069;-0.0331;0.00E+00;0.00E+00
0.007;-0.033;0.00E+00;0.00E+00
0.0071;-0.0329;0.00E+00;0.00E+00
0.0072;-0.0328;-4.00E-02;-1.09E-02
0.0073;-0.0327;0.00E+00;0.00E+00
0.0074;-0.0326;-4.00E-02;-1.09E-02
0.0075;-0.0325;-4.00E-02;-1.09E-02
0.0076;-0.0324;0.00E+00;0.00E+00
0.0077;-0.0323;-4.00E-02;-1.09E-02
0.0078;-0.0322;-4.00E-02;-1.09E-02
0.0079;-0.0321;0.00E+00;0.00E+00
0.008;-0.032;-4.00E-02;-1.09E-02
0.0081;-0.0319;0.00E+00;0.00E+00
0.0082;-0.0318;0.00E+00;0.00E+00
0.0083;-0.0317;-4.00E-02;-1.09E-02
0.0084;-0.0316;0.00E+00;0.00E+00
0.0085;-0.0315;-4.00E-02;-1.09E-02
0.0086;-0.0314;0.00E+00;0.00E+00
0.0087;-0.0313;-4.00E-02;-1.09E-02
0.0088;-0.0312;-4.00E-02;-1.09E-02
0.0089;-0.0311;-4.00E-02;-1.09E-02
0.009;-0.031;0.00E+00;0.00E+00
0.0091;-0.0309;0.00E+00;0.00E+00
0.0092;-0.0308;-4.00E-02;-1.09E-02
0.0093;-0.0307;-4.00E-02;-1.09E-02
0.0094;-0.0306;-4.00E-02;-1.09E-02
0.0095;-0.0305;0.00E+00;0.00E+00
0.0096;-0.0304;0.00E+00;0.00E+00
0.0097;-0.0303;0.00E+00;0.00E+00
0.0098;-0.0302;0.00E+00;0.00E+00
0.0099;-0.0301;-4.00E-02;-1.09E-02
0.01;-0.03;0.00E+00;0.00E+00
0.0101;-0.0299;0.00E+00;0.00E+00
0.0102;-0.0298;0.00E+00;0.00E+00
0.0103;-0.0297;-4.00E-02;-1.09E-02
0.0104;-0.0296;-4.00E-02;-1.09E-02
0.0105;-0.0295;-4.00E-02;-1.09E-02
0.0106;-0.0294;-4.00E-02;-1.09E-02
0.0107;-0.0293;-4.00E-02;-1.09E-02
0.0108;-0.0292;0.00E+00;0.00E+00
0.0109;-0.0291;-4.00E-02;-1.09E-02
0.011;-0.029;0.00E+00;0.00E+00
0.0111;-0.0289;-4.00E-02;-1.09E-02
0.0112;-0.0288;-4.00E-02;-1.09E-02
0.0113;-0.0287;0.00E+00;0.00E+00
0.0114;-0.0286;0.00E+00;0.00E+00
0.0115;-0.0285;0.00E+00;0.00E+00
0.0116;-0.0284;0.00E+00;0.00E+00
0.0117;-0.0283;0.00E+00;0.00E+00
0.0118;-0.0282;-4.00E-02;-1.09E-02
0.0119;-0.0281;0.00E+00;0.00E+00
0.012;-0.028;-4.00E-02;-1.09E-02
0.0121;-0.0279;0.00E+00;0.00E+00
0.0122;-0.0278;-4.00E-02;-1.09E-02
0.0123;-0.0277;0.00E+00;0.00E+00
0.0124;-0.0276;0.00E+00;0.00E+00
0.0125;-0.0275;-4.00E-02;-1.09E-02
0.0126;-0.0274;0.00E+00;0.00E+00
0.0127;-0.0273;-4.00E-02;-1.09E-02
0.0128;-0.0272;-4.00E-02;-1.09E-02
0.0129;-0.0271;0.00E+00;0.00E+00
0.013;-0.027;0.00E+00;0.00E+00
0.0131;-0.0269;0.00E+00;0.00E+00
0.0132;-0.0268;0.00E+00;0.00E+00
0.0133;-0.0267;-4.00E-02;-1.09E-02
0.0134;-0.0266;-4.00E-02;-1.09E-02
0.0135;-0.0265;-4.00E-02;-1.09E-02
0.0136;-0.0264;-4.00E-02;-1.09E-02
0.0137;-0.0263;0.00E+00;0.00E+00
0.0138;-0.0262;-4.00E-02;-1.09E-02
0.0139;-0.0261;0.00E+00;0.00E+00
0.014;-0.026;-4.00E-02;-1.09E-02
0.0141;-0.0259;-4.00E-02;-1.09E-02
0.0142;-0.0258;0.00E+00;0.00E+00
0.0143;-0.0257;0.00E+00;0.00E+00
0.0144;-0.0256;0.00E+00;0.00E+00
0.0145;-0.0255;-4.00E-02;-1.09E-02
0.0146;-0.0254;-4.00E-02;-1.09E-02
0.0147;-0.0253;0.00E+00;0.00E+00
0.0148;-0.0252;0.00E+00;0.00E+00
0.0149;-0.0251;-4.00E-02;-1.09E-02
0.015;-0.025;0.00E+00;0.00E+00
0.0151;-0.0249;0.00E+00;0.00E+00
0.0152;-0.0248;-4.00E-02;-1.09E-02
0.0153;-0.0247;0.00E+00;0.00E+00
0.0154;-0.0246;0.00E+00;0.00E+00
0.0155;-0.0245;0.00E+00;0.00E+00
0.0156;-0.0244;0.00E+00;0.00E+00
0.0157;-0.0243;0.00E+00;0.00E+00
0.0158;-0.0242;0.00E+00;0.00E+00
0.0159;-0.0241;-4.00E-02;-1.09E-02
0.016;-0.024;-4.00E-02;-1.09E-02
0.0161;-0.0239;0.00E+00;0.00E+00
0.0162;-0.0238;-4.00E-02;-1.09E-02
0.0163;-0.0237;-4.00E-02;-1.09E-02
0.0164;-0.0236;0.00E+00;0.00E+00
0.0165;-0.0235;-4.00E-02;-1.09E-02
0.0166;-0.0234;-4.00E-02;-1.09E-02
0.0167;-0.0233;0.00E+00;0.00E+00
0.0168;-0.0232;0.00E+00;0.00E+00
0.0169;-0.0231;0.00E+00;0.00E+00
0.017;-0.023;-4.00E-02;-1.09E-02
0.0171;-0.0229;0.00E+00;0.00E+00
0.0172;-0.0228;-4.00E-02;-1.09E-02
0.0173;-0.0227;0.00E+00;0.00E+00
0.0174;-0.0226;-4.00E-02;-1.09E-02
0.0175;-0.0225;0.00E+00;0.00E+00
0.0176;-0.0224;-4.00E-02;-1.09E-02
0.0177;-0.0223;-4.00E-02;-1.09E-02
0.0178;-0.0222;0.00E+00;0.00E+00
0.0179;-0.0221;0.00E+00;0.00E+00
0.018;-0.022;-4.00E-02;-1.09E-02
0.0181;-0.0219;0.00E+00;0.00E+00
0.0182;-0.0218;-4.00E-02;-1.09E-02
0.0183;-0.0217;0.00E+00;0.00E+00
0.0184;-0.0216;0.00E+00;0.00E+00
0.0185;-0.0215;-4.00E-02;-1.09E-02
0.0186;-0.0214;0.00E+00;0.00E+00
0.0187;-0.0213;0.00E+00;0.00E+00
0.0188;-0.0212;-4.00E-02;-1.09E-02
0.0189;-0.0211;-4.00E-02;-1.09E-02
0.019;-0.021;0.00E+00;0.00E+00
0.0191;-0.0209;0.00E+00;0.00E+00
0.0192;-0.0208;0.00E+00;0.00E+00
0.0193;-0.0207;0.00E+00;0.00E+00
0.0194;-0.0206;0.00E+00;0.00E+00
0.0195;-0.0205;0.00E+00;0.00E+00
0.0196;-0.0204;-4.00E-02;-1.09E-02
0.0197;-0.0203;0.00E+00;0.00E+00
0.0198;-0.0202;0.00E+00;0.00E+00
0.0199;-0.0201;-4.00E-02;-1.09E-02
0.02;-0.02;0.00E+00;0.00E+00
0.0201;-0.0199;0.00E+00;0.00E+00
0.0202;-0.0198;-4.00E-02;-1.09E-02
0.0203;-0.0197;0.00E+00;0.00E+00
0.0204;-0.0196;0.00E+00;0.00E+00
0.0205;-0.0195;0.00E+00;0.00E+00
0.0206;-0.0194;0.00E+00;0.00E+00
0.0207;-0.0193;0.00E+00;0.00E+00
0.0208;-0.0192;0.00E+00;0.00E+00
0.0209;-0.0191;0.00E+00;0.00E+00
0.021;-0.019;0.00E+00;0.00E+00
0.0211;-0.0189;0.00E+00;0.00E+00
0.0212;-0.0188;0.00E+00;0.00E+00
0.0213;-0.0187;0.00E+00;0.00E+00
0.0214;-0.0186;0.00E+00;0.00E+00
0.0215;-0.0185;-4.00E-02;-1.09E-02
0.0216;-0.0184;-4.00E-02;-1.09E-02
0.0217;-0.0183;-4.00E-02;-1.09E-02
0.0218;-0.0182;0.00E+00;0.00E+00
0.0219;-0.0181;0.00E+00;0.00E+00
0.022;-0.018;0.00E+00;0.00E+00
0.0221;-0.0179;0.00E+00;0.00E+00
0.0222;-0.0178;0.00E+00;0.00E+00
0.0223;-0.0177;0.00E+00;0.00E+00
0.0224;-0.0176;-4.00E-02;-1.09E-02
0.0225;-0.0175;0.00E+00;0.00E+00
0.0226;-0.0174;0.00E+00;0.00E+00
0.0227;-0.0173;0.00E+00;0.00E+00
0.0228;-0.0172;0.00E+00;0.00E+00
0.0229;-0.0171;0.00E+00;0.00E+00
0.023;-0.017;0.00E+00;0.00E+00
0.0231;-0.0169;0.00E+00;0.00E+00
0.0232;-0.0168;-4.00E-02;-1.09E-02
0.0233;-0.0167;0.00E+00;0.00E+00
0.0234;-0.0166;-4.00E-02;-1.09E-02
0.0235;-0.0165;-4.00E-02;-1.09E-02
0.0236;-0.0164;-4.00E-02;-1.09E-02
0.0237;-0.0163;0.00E+00;0.00E+00
0.0238;-0.0162;-4.00E-02;-1.09E-02
0.0239;-0.0161;0.00E+00;0.00E+00
0.024;-0.016;0.00E+00;0.00E+00
0.0241;-0.0159;0.00E+00;0.00E+00
0.0242;-0.0158;0.00E+00;0.00E+00
0.0243;-0.0157;-4.00E-02;-1.09E-02
0.0244;-0.0156;0.00E+00;0.00E+00
0.0245;-0.0155;0.00E+00;0.00E+00
0.0246;-0.0154;0.00E+00;0.00E+00
0.0247;-0.0153;-4.00E-02;-1.09E-02
0.0248;-0.0152;0.00E+00;0.00E+00
0.0249;-0.0151;0.00E+00;0.00E+00
0.025;-0.015;0.00E+00;0.00E+00
0.0251;-0.0149;0.00E+00;0.00E+00
0.0252;-0.0148;-4.00E-02;-1.09E-02
0.0253;-0.0147;0.00E+00;0.00E+00
0.0254;-0.0146;0.00E+00;0.00E+00
0.0255;-0.0145;-4.00E-02;-1.09E-02
0.0256;-0.0144;0.00E+00;0.00E+00
0.0257;-0.0143;-4.00E-02;-1.09E-02
0.0258;-0.0142;0.00E+00;0.00E+00
0.0259;-0.0141;-4.00E-02;-1.09E-02
0.026;-0.014;0.00E+00;0.00E+00
0.0261;-0.0139;-4.00E-02;-1.09E-02
0.0262;-0.0138;0.00E+00;0.00E+00
0.0263;-0.0137;-4.00E-02;-1.09E-02
0.0264;-0.0136;-4.00E-02;-1.09E-02
0.0265;-0.0135;0.00E+00;0.00E+00
0.0266;-0.0134;-4.00E-02;-1.09E-02
0.0267;-0.0133;0.00E+00;0.00E+00
0.0268;-0.0132;-4.00E-02;-1.09E-02
0.0269;-0.0131;0.00E+00;0.00E+00
0.027;-0.013;-4.00E-02;-1.09E-02
0.0271;-0.0129;-4.00E-02;-1.09E-02
0.0272;-0.0128;0.00E+00;0.00E+00
0.0273;-0.0127;-4.00E-02;-1.09E-02
0.0274;-0.0126;0.00E+00;0.00E+00
0.0275;-0.0125;-4.00E-02;-1.09E-02
0.0276;-0.0124;-4.00E-02;-1.09E-02
0.0277;-0.0123;0.00E+00;0.00E+00
0.0278;-0.0122;0.00E+00;0.00E+00
0.0279;-0.0121;0.00E+00;0.00E+00
0.028;-0.012;0.00E+00;0.00E+00
0.0281;-0.0119;-4.00E-02;-1.09E-02
0.0282;-0.0118;0.00E+00;0.00E+00
0.0283;-0.0117;0.00E+00;0.00E+00
0.0284;-0.0116;0.00E+00;0.00E+00
0.0285;-0.0115;-4.00E-02;-1.09E-02
0.0286;-0.0114;0.00E+00;0.00E+00
0.0287;-0.0113;-4.00E-02;-1.09E-02
0.0288;-0.0112;-4.00E-02;-1.09E-02
0.0289;-0.0111;0.00E+00;0.00E+00
0.029;-0.011;0.00E+00;0.00E+00
0.0291;-0.0109;-4.00E-02;-1.09E-02
0.0292;-0.0108;0.00E+00;0.00E+00
0.0293;-0.0107;0.00E+00;0.00E+00
0.0294;-0.0106;-4.00E-02;-1.09E-02
0.0295;-0.0105;-4.00E-02;-1.09E-02
0.0296;-0.0104;0.00E+00;0.00E+00
0.0297;-0.0103;0.00E+00;0.00E+00
0.0298;-0.0102;-4.00E-02;-1.09E-02
0.0299;-0.0101;0.00E+00;0.00E+00
0.03;-0.01;-4.00E-02;-1.09E-02
0.0301;-0.0099;-4.00E-02;-1.09E-02
0.0302;-0.0098;0.00E+00;0.00E+00
0.0303;-0.0097;0.00E+00;0.00E+00
0.0304;-0.0096;0.00E+00;0.00E+00
0.0305;-0.0095;0.00E+00;0.00E+00
0.0306;-0.0094;0.00E+00;0.00E+00
0.0307;-0.0093;-4.00E-02;-1.09E-02
0.0308;-0.0092;-4.00E-02;-1.09E-02
0.0309;-0.0091;0.00E+00;0.00E+00
0.031;-0.009;0.00E+00;0.00E+00
0.0311;-0.0089;0.00E+00;0.00E+00
0.0312;-0.0088;0.00E+00;0.00E+00
0.0313;-0.0087;-4.00E-02;-1.09E-02
0.0314;-0.0086;-4.00E-02;-1.09E-02
0.0315;-0.0085;-4.00E-02;-1.09E-02
0.0316;-0.0084;0.00E+00;0.00E+00
0.0317;-0.0083;-4.00E-02;-1.09E-02
0.0318;-0.0082;0.00E+00;0.00E+00
0.0319;-0.0081;-4.00E-02;-1.09E-02
0.032;-0.008;-4.00E-02;-1.09E-02
0.0321;-0.0079;-4.00E-02;-1.09E-02
0.0322;-0.0078;0.00E+00;0.00E+00
0.0323;-0.0077;0.00E+00;0.00E+00
0.0324;-0.0076;0.00E+00;0.00E+00
0.0325;-0.0075;0.00E+00;0.00E+00
0.0326;-0.0074;-4.00E-02;-1.09E-02
0.0327;-0.0073;0.00E+00;0.00E+00
0.0328;-0.0072;-4.00E-02;-1.09E-02
0.0329;-0.0071;-4.00E-02;-1.09E-02
0.033;-0.007;-4.00E-02;-1.09E-02
0.0331;-0.0069;0.00E+00;0.00E+00
0.0332;-0.0068;-4.00E-02;-1.09E-02
0.0333;-0.0067;0.00E+00;0.00E+00
0.0334;-0.0066;-4.00E-02;-1.09E-02
0.0335;-0.0065;0.00E+00;0.00E+00
0.0336;-0.0064;-4.00E-02;-1.09E-02
0.0337;-0.0063;-4.00E-02;-1.09E-02
0.0338;-0.0062;0.00E+00;0.00E+00
0.0339;-0.0061;-4.00E-02;-1.09E-02
0.034;-0.006;0.00E+00;0.00E+00
0.0341;-0.0059;0.00E+00;0.00E+00
0.0342;-0.0058;0.00E+00;0.00E+00
0.0343;-0.0057;0.00E+00;0.00E+00
0.0344;-0.0056;0.00E+00;0.00E+00
0.0345;-0.0055;-4.00E-02;-1.09E-02
0.0346;-0.0054;-4.00E-02;-1.09E-02
0.0347;-0.0053;-4.00E-02;-1.09E-02
0.0348;-0.0052;0.00E+00;0.00E+00
0.0349;-0.0051;0.00E+00;0.00E+00
0.035;-0.005;-4.00E-02;-1.09E-02
0.0351;-0.0049;0.00E+00;0.00E+00
0.0352;-0.0048;-4.00E-02;-1.09E-02
0.0353;-0.0047;0.00E+00;0.00E+00
0.0354;-0.0046;-4.00E-02;-1.09E-02
0.0355;-0.0045;-4.00E-02;-1.09E-02
0.0356;-0.0044;-4.00E-02;-1.09E-02
0.0357;-0.0043;0.00E+00;0.00E+00
0.0358;-0.0042;-4.00E-02;-1.09E-02
0.0359;-0.0041;0.00E+00;0.00E+00
0.036;-0.004;0.00E+00;0.00E+00
0.0361;-0.0039;-4.00E-02;-1.09E-02
0.0362;-0.0038;0.00E+00;0.00E+00
0.0363;-0.0037;0.00E+00;0.00E+00
0.0364;-0.0036;0.00E+00;0.00E+00
0.0365;-0.0035;-4.00E-02;-1.09E-02
0.0366;-0.0034;0.00E+00;0.00E+00
0.0367;-0.0033;0.00E+00;0.00E+00
0.0368;-0.0032;0.00E+00;0.00E+00
0.0369;-0.0031;0.00E+00;0.00E+00
0.037;-0.003;0.00E+00;0.00E+00
0.0371;-0.0029;-4.00E-02;-1.09E-02
0.0372;-0.0028;-4.00E-02;-1.09E-02
0.0373;-0.0027;0.00E+00;0.00E+00
0.0374;-0.0026;0.00E+00;0.00E+00
0.0375;-0.0025;-4.00E-02;-1.09E-02
0.0376;-0.0024;0.00E+00;0.00E+00
0.0377;-0.0023;-4.00E-02;-1.09E-02
0.0378;-0.0022;-4.00E-02;-1.09E-02
0.0379;-0.0021;0.00E+00;0.00E+00
0.038;-0.002;-4.00E-02;-1.09E-02
0.0381;-0.0019;0.00E+00;0.00E+00
0.0382;-0.0018;-4.00E-02;-1.09E-02
0.0383;-0.0017;0.00E+00;0.00E+00
0.0384;-0.0016;-4.00E-02;-1.09E-02
0.0385;-0.0015;-4.00E-02;-1.09E-02
0.0386;-0.0014;-4.00E-02;-1.09E-02
0.0387;-0.0013;0.00E+00;0.00E+00
0.0388;-0.0012;-4.00E-02;-1.09E-02
0.0389;-0.0011;0.00E+00;0.00E+00
0.039;-0.001;0.00E+00;0.00E+00
0.0391;-0.0009;-4.00E-02;-1.09E-02
0.0392;-0.0008;-4.00E-02;-1.09E-02
0.0393;-0.0007;0.00E+00;0.00E+00
0.0394;-0.0006;-4.00E-02;-1.09E-02
0.0395;-0.0005;-4.00E-02;-1.09E-02
0.0396;-0.0004;-4.00E-02;-1.09E-02
0.0397;-0.0003;-4.00E-02;-1.09E-02
0.0398;-0.0002;-4.00E-02;-1.09E-02
0.0399;-0.0001;0.00E+00;0.00E+00
0.04;0;0.00E+00;0.00E+00
0.0401;1E-04;-4.00E-02;-1.09E-02
0.0402;0.0002;0.00E+00;0.00E+00
0.0403;0.0003;-4.00E-02;-1.09E-02
0.0404;0.0004;0.00E+00;0.00E+00
0.0405;0.0005;0.00E+00;0.00E+00
0.0406;0.0006;-4.00E-02;-1.09E-02
0.0407;0.0007;0.00E+00;0.00E+00
0.0408;0.0008;0.00E+00;0.00E+00
0.0409;0.0009;0.00E+00;0.00E+00
0.041;0.001;0.00E+00;0.00E+00
0.0411;0.0011;0.00E+00;0.00E+00
0.0412;0.0012;0.00E+00;0.00E+00
0.0413;0.0013;0.00E+00;0.00E+00
0.0414;0.0014;0.00E+00;0.00E+00
0.0415;0.0015;0.00E+00;0.00E+00
0.0416;0.0016;0.00E+00;0.00E+00
0.0417;0.0017;0.00E+00;0.00E+00
0.0418;0.0018;-4.00E-02;-1.09E-02
0.0419;0.0019;0.00E+00;0.00E+00
0.042;0.002;-4.00E-02;-1.09E-02
0.0421;0.0021;0.00E+00;0.00E+00
0.0422;0.0022;0.00E+00;0.00E+00
0.0423;0.0023;-4.00E-02;-1.09E-02
0.0424;0.0024;0.00E+00;0.00E+00
0.0425;0.0025;0.00E+00;0.00E+00
0.0426;0.0026;0.00E+00;0.00E+00
0.0427;0.0027;0.00E+00;0.00E+00
0.0428;0.0028;4.00E-02;1.09E-02
0.0429;0.0029;0.00E+00;0.00E+00
0.043;0.003;4.00E-02;1.09E-02
0.0431;0.0031;4.00E-02;1.09E-02
0.0432;0.0032;4.00E-02;1.09E-02
0.0433;0.0033;4.00E-02;1.09E-02
0.0434;0.0034;4.00E-02;1.09E-02
0.0435;0.0035;8.00E-02;2.17E-02
0.0436;0.0036;4.00E-02;1.09E-02
0.0437;0.0037;8.00E-02;2.17E-02
0.0438;0.0038;8.00E-02;2.17E-02
0.0439;0.0039;8.00E-02;2.17E-02
0.044;0.004;8.00E-02;2.17E-02
0.0441;0.0041;1.20E-01;3.26E-02
0.0442;0.0042;1.20E-01;3.26E-02
0.0443;0.0043;1.60E-01;4.35E-02
0.0444;0.0044;1.60E-01;4.35E-02
0.0445;0.0045;1.60E-01;4.35E-02
0.0446;0.0046;1.60E-01;4.35E-02
0.0447;0.0047;1.60E-01;4.35E-02
0.0448;0.0048;2.00E-01;5.43E-02
0.0449;0.0049;2.00E-01;5.43E-02
0.045;0.005;2.40E-01;6.52E-02
0.0451;0.0051;2.40E-01;6.52E-02
0.0452;0.0052;2.40E-01;6.52E-02
0.0453;0.0053;2.80E-01;7.61E-02
0.0454;0.0054;2.80E-01;7.61E-02
0.0455;0.0055;2.80E-01;7.61E-02
0.0456;0.0056;2.80E-01;7.61E-02
0.0457;0.0057;3.20E-01;8.70E-02
0.0458;0.0058;3.20E-01;8.70E-02
0.0459;0.0059;3.20E-01;8.70E-02
0.046;0.006;3.60E-01;9.78E-02
0.0461;0.0061;3.60E-01;9.78E-02
0.0462;0.0062;3.60E-01;9.78E-02
0.0463;0.0063;4.00E-01;1.09E-01
0.0464;0.0064;4.00E-01;1.09E-01
0.0465;0.0065;4.00E-01;1.09E-01
0.0466;0.0066;4.40E-01;1.20E-01
0.0467;0.0067;4.40E-01;1.20E-01
0.0468;0.0068;4.80E-01;1.30E-01
0.0469;0.0069;4.80E-01;1.30E-01
0.047;0.007;5.20E-01;1.41E-01
0.0471;0.0071;5.20E-01;1.41E-01
0.0472;0.0072;5.60E-01;1.52E-01
0.0473;0.0073;5.20E-01;1.41E-01
0.0474;0.0074;5.60E-01;1.52E-01
0.0475;0.0075;5.60E-01;1.52E-01
0.0476;0.0076;6.00E-01;1.63E-01
0.0477;0.0077;6.00E-01;1.63E-01
0.0478;0.0078;6.40E-01;1.74E-01
0.0479;0.0079;6.40E-01;1.74E-01
0.048;0.008;6.40E-01;1.74E-01
0.0481;0.0081;6.80E-01;1.85E-01
0.0482;0.0082;6.80E-01;1.85E-01
0.0483;0.0083;7.20E-01;1.96E-01
0.0484;0.0084;7.20E-01;1.96E-01
0.0485;0.0085;7.60E-01;2.07E-01
0.0486;0.0086;7.60E-01;2.07E-01
0.0487;0.0087;8.00E-01;2.17E-01
0.0488;0.0088;8.00E-01;2.17E-01
0.0489;0.0089;8.40E-01;2.28E-01
0.049;0.009;8.40E-01;2.28E-01
0.0491;0.0091;8.40E-01;2.28E-01
0.0492;0.0092;8.80E-01;2.39E-01
0.0493;0.0093;8.80E-01;2.39E-01
0.0494;0.0094;8.80E-01;2.39E-01
0.0495;0.0095;9.60E-01;2.61E-01
0.0496;0.0096;9.60E-01;2.61E-01
0.0497;0.0097;9.60E-01;2.61E-01
0.0498;0.0098;9.60E-01;2.61E-01
0.0499;0.0099;1.00E+00;2.72E-01
0.05;0.01;1.04E+00;2.83E-01
0.0501;0.0101;1.04E+00;2.83E-01
0.0502;0.0102;1.08E+00;2.93E-01
0.0503;0.0103;1.08E+00;2.93E-01
0.0504;0.0104;1.08E+00;2.93E-01
0.0505;0.0105;1.12E+00;3.04E-01
0.0506;0.0106;1.16E+00;3.15E-01
0.0507;0.0107;1.16E+00;3.15E-01
0.0508;0.0108;1.16E+00;3.15E-01
0.0509;0.0109;1.20E+00;3.26E-01
0.051;0.011;1.24E+00;3.37E-01
0.0511;0.0111;1.24E+00;3.37E-01
0.0512;0.0112;1.28E+00;3.48E-01
0.0513;0.0113;1.28E+00;3.48E-01
0.0514;0.0114;1.28E+00;3.48E-01
0.0515;0.0115;1.32E+00;3.59E-01
0.0516;0.0116;1.32E+00;3.59E-01
0.0517;0.0117;1.32E+00;3.59E-01
0.0518;0.0118;1.36E+00;3.70E-01
0.0519;0.0119;1.36E+00;3.70E-01
0.052;0.012;1.36E+00;3.70E-01
0.0521;0.0121;1.40E+00;3.80E-01
0.0522;0.0122;1.40E+00;3.80E-01
0.0523;0.0123;1.48E+00;4.02E-01
0.0524;0.0124;1.44E+00;3.91E-01
0.0525;0.0125;1.44E+00;3.91E-01
0.0526;0.0126;1.48E+00;4.02E-01
0.0527;0.0127;1.48E+00;4.02E-01
0.0528;0.0128;1.52E+00;4.13E-01
0.0529;0.0129;1.48E+00;4.02E-01
0.053;0.013;1.52E+00;4.13E-01
0.0531;0.0131;1.52E+00;4.13E-01
0.0532;0.0132;1.56E+00;4.24E-01
0.0533;0.0133;1.56E+00;4.24E-01
0.0534;0.0134;1.64E+00;4.46E-01
0.0535;0.0135;1.68E+00;4.57E-01
0.0536;0.0136;1.64E+00;4.46E-01
0.0537;0.0137;1.72E+00;4.67E-01
0.0538;0.0138;1.72E+00;4.67E-01
0.0539;0.0139;1.72E+00;4.67E-01
0.054;0.014;1.76E+00;4.78E-01
0.0541;0.0141;1.80E+00;4.89E-01
0.0542;0.0142;1.80E+00;4.89E-01
0.0543;0.0143;1.80E+00;4.89E-01
0.0544;0.0144;1.84E+00;5.00E-01
0.0545;0.0145;1.88E+00;5.11E-01
0.0546;0.0146;1.88E+00;5.11E-01
0.0547;0.0147;1.92E+00;5.22E-01
0.0548;0.0148;1.92E+00;5.22E-01
0.0549;0.0149;1.96E+00;5.33E-01
0.055;0.015;1.96E+00;5.33E-01
0.0551;0.0151;2.00E+00;5.43E-01
0.0552;0.0152;2.00E+00;5.43E-01
0.0553;0.0153;2.00E+00;5.43E-01
0.0554;0.0154;2.00E+00;5.43E-01
0.0555;0.0155;2.08E+00;5.65E-01
0.0556;0.0156;2.08E+00;5.65E-01
0.0557;0.0157;2.12E+00;5.76E-01
0.0558;0.0158;2.12E+00;5.76E-01
0.0559;0.0159;2.12E+00;5.76E-01
0.056;0.016;2.12E+00;5.76E-01
0.0561;0.0161;2.16E+00;5.87E-01
0.0562;0.0162;2.20E+00;5.98E-01
0.0563;0.0163;2.20E+00;5.98E-01
0.0564;0.0164;2.20E+00;5.98E-01
0.0565;0.0165;2.28E+00;6.20E-01
0.0566;0.0166;2.28E+00;6.20E-01
0.0567;0.0167;2.28E+00;6.20E-01
0.0568;0.0168;2.32E+00;6.30E-01
0.0569;0.0169;2.32E+00;6.30E-01
0.057;0.017;2.32E+00;6.30E-01
0.0571;0.0171;2.36E+00;6.41E-01
0.0572;0.0172;2.36E+00;6.41E-01
0.0573;0.0173;2.36E+00;6.41E-01
0.0574;0.0174;2.40E+00;6.52E-01
0.0575;0.0175;2.40E+00;6.52E-01
0.0576;0.0176;2.44E+00;6.63E-01
0.0577;0.0177;2.44E+00;6.63E-01
0.0578;0.0178;2.48E+00;6.74E-01
0.0579;0.0179;2.48E+00;6.74E-01
0.058;0.018;2.52E+00;6.85E-01
0.0581;0.0181;2.52E+00;6.85E-01
0.0582;0.0182;2.56E+00;6.96E-01
0.0583;0.0183;2.56E+00;6.96E-01
0.0584;0.0184;2.56E+00;6.96E-01
0.0585;0.0185;2.60E+00;7.07E-01
0.0586;0.0186;2.60E+00;7.07E-01
0.0587;0.0187;2.60E+00;7.07E-01
0.0588;0.0188;2.64E+00;7.17E-01
0.0589;0.0189;2.64E+00;7.17E-01
0.059;0.019;2.68E+00;7.28E-01
0.0591;0.0191;2.68E+00;7.28E-01
0.0592;0.0192;2.68E+00;7.28E-01
0.0593;0.0193;2.72E+00;7.39E-01
0.0594;0.0194;2.72E+00;7.39E-01
0.0595;0.0195;2.72E+00;7.39E-01
0.0596;0.0196;2.76E+00;7.50E-01
0.0597;0.0197;2.76E+00;7.50E-01
0.0598;0.0198;2.80E+00;7.61E-01
0.0599;0.0199;2.80E+00;7.61E-01
0.06;0.02;2.80E+00;7.61E-01
0.0601;0.0201;2.84E+00;7.72E-01
0.0602;0.0202;2.88E+00;7.83E-01
0.0603;0.0203;2.88E+00;7.83E-01
0.0604;0.0204;2.88E+00;7.83E-01
0.0605;0.0205;2.88E+00;7.83E-01
0.0606;0.0206;2.92E+00;7.93E-01
0.0607;0.0207;2.92E+00;7.93E-01
0.0608;0.0208;2.92E+00;7.93E-01
0.0609;0.0209;2.92E+00;7.93E-01
0.061;0.021;2.96E+00;8.04E-01
0.0611;0.0211;2.96E+00;8.04E-01
0.0612;0.0212;3.00E+00;8.15E-01
0.0613;0.0213;3.00E+00;8.15E-01
0.0614;0.0214;3.00E+00;8.15E-01
0.0615;0.0215;3.00E+00;8.15E-01
0.0616;0.0216;3.04E+00;8.26E-01
0.0617;0.0217;3.04E+00;8.26E-01
0.0618;0.0218;3.04E+00;8.26E-01
0.0619;0.0219;3.08E+00;8.37E-01
0.062;0.022;3.08E+00;8.37E-01
0.0621;0.0221;3.08E+00;8.37E-01
0.0622;0.0222;3.08E+00;8.37E-01
0.0623;0.0223;3.12E+00;8.48E-01
0.0624;0.0224;3.12E+00;8.48E-01
0.0625;0.0225;3.16E+00;8.59E-01
0.0626;0.0226;3.16E+00;8.59E-01
0.0627;0.0227;3.16E+00;8.59E-01
0.0628;0.0228;3.20E+00;8.70E-01
0.0629;0.0229;3.20E+00;8.70E-01
0.063;0.023;3.20E+00;8.70E-01
0.0631;0.0231;3.24E+00;8.80E-01
0.0632;0.0232;3.24E+00;8.80E-01
0.0633;0.0233;3.24E+00;8.80E-01
0.0634;0.0234;3.24E+00;8.80E-01
0.0635;0.0235;3.28E+00;8.91E-01
0.0636;0.0236;3.28E+00;8.91E-01
0.0637;0.0237;3.28E+00;8.91E-01
0.0638;0.0238;3.28E+00;8.91E-01
0.0639;0.0239;3.28E+00;8.91E-01
0.064;0.024;3.32E+00;9.02E-01
0.0641;0.0241;3.32E+00;9.02E-01
0.0642;0.0242;3.32E+00;9.02E-01
0.0643;0.0243;3.36E+00;9.13E-01
0.0644;0.0244;3.40E+00;9.24E-01
0.0645;0.0245;3.40E+00;9.24E-01
0.0646;0.0246;3.40E+00;9.24E-01
0.0647;0.0247;3.40E+00;9.24E-01
0.0648;0.0248;3.40E+00;9.24E-01
0.0649;0.0249;3.40E+00;9.24E-01
0.065;0.025;3.40E+00;9.24E-01
0.0651;0.0251;3.40E+00;9.24E-01
0.0652;0.0252;3.40E+00;9.24E-01
0.0653;0.0253;3.44E+00;9.35E-01
0.0654;0.0254;3.48E+00;9.46E-01
0.0655;0.0255;3.48E+00;9.46E-01
0.0656;0.0256;3.48E+00;9.46E-01
0.0657;0.0257;3.48E+00;9.46E-01
0.0658;0.0258;3.48E+00;9.46E-01
0.0659;0.0259;3.48E+00;9.46E-01
0.066;0.026;3.48E+00;9.46E-01
0.0661;0.0261;3.48E+00;9.46E-01
0.0662;0.0262;3.52E+00;9.57E-01
0.0663;0.0263;3.52E+00;9.57E-01
0.0664;0.0264;3.52E+00;9.57E-01
0.0665;0.0265;3.52E+00;9.57E-01
0.0666;0.0266;3.52E+00;9.57E-01
0.0667;0.0267;3.56E+00;9.67E-01
0.0668;0.0268;3.56E+00;9.67E-01
0.0669;0.0269;3.56E+00;9.67E-01
0.067;0.027;3.60E+00;9.78E-01
0.0671;0.0271;3.56E+00;9.67E-01
0.0672;0.0272;3.60E+00;9.78E-01
0.0673;0.0273;3.60E+00;9.78E-01
0.0674;0.0274;3.60E+00;9.78E-01
0.0675;0.0275;3.60E+00;9.78E-01
0.0676;0.0276;3.60E+00;9.78E-01
0.0677;0.0277;3.64E+00;9.89E-01
0.0678;0.0278;3.64E+00;9.89E-01
0.0679;0.0279;3.64E+00;9.89E-01
0.068;0.028;3.68E+00;1.00E+00
0.0681;0.0281;3.68E+00;1.00E+00
0.0682;0.0282;3.64E+00;9.89E-01
0.0683;0.0283;3.68E+00;1.00E+00
0.0684;0.0284;3.68E+00;1.00E+00
0.0685;0.0285;3.68E+00;1.00E+00
0.0686;0.0286;3.72E+00;1.01E+00
0.0687;0.0287;3.68E+00;1.00E+00
0.0688;0.0288;3.72E+00;1.01E+00
0.0689;0.0289;3.68E+00;1.00E+00
0.069;0.029;3.72E+00;1.01E+00
0.0691;0.0291;3.68E+00;1.00E+00
0.0692;0.0292;3.72E+00;1.01E+00
0.0693;0.0293;3.72E+00;1.01E+00
0.0694;0.0294;3.72E+00;1.01E+00
0.0695;0.0295;3.72E+00;1.01E+00
0.0696;0.0296;3.72E+00;1.01E+00
0.0697;0.0297;3.72E+00;1.01E+00
0.0698;0.0298;3.76E+00;1.02E+00
0.0699;0.0299;3.72E+00;1.01E+00
0.07;0.03;3.76E+00;1.02E+00
0.0701;0.0301;3.76E+00;1.02E+00
0.0702;0.0302;3.76E+00;1.02E+00
0.0703;0.0303;3.76E+00;1.02E+00
0.0704;0.0304;3.76E+00;1.02E+00
0.0705;0.0305;3.76E+00;1.02E+00
0.0706;0.0306;3.76E+00;1.02E+00
0.0707;0.0307;3.76E+00;1.02E+00
0.0708;0.0308;3.76E+00;1.02E+00
0.0709;0.0309;3.76E+00;1.02E+00
0.071;0.031;3.80E+00;1.03E+00
0.0711;0.0311;3.80E+00;1.03E+00
0.0712;0.0312;3.80E+00;1.03E+00
0.0713;0.0313;3.80E+00;1.03E+00
0.0714;0.0314;3.80E+00;1.03E+00
0.0715;0.0315;3.80E+00;1.03E+00
0.0716;0.0316;3.80E+00;1.03E+00
0.0717;0.0317;3.80E+00;1.03E+00
0.0718;0.0318;3.80E+00;1.03E+00
0.0719;0.0319;3.80E+00;1.03E+00
0.072;0.032;3.80E+00;1.03E+00
0.0721;0.0321;3.84E+00;1.04E+00
0.0722;0.0322;3.84E+00;1.04E+00
0.0723;0.0323;3.84E+00;1.04E+00
0.0724;0.0324;3.84E+00;1.04E+00
0.0725;0.0325;3.84E+00;1.04E+00
0.0726;0.0326;3.84E+00;1.04E+00
0.0727;0.0327;3.88E+00;1.05E+00
0.0728;0.0328;3.84E+00;1.04E+00
0.0729;0.0329;3.88E+00;1.05E+00
0.073;0.033;3.88E+00;1.05E+00
0.0731;0.0331;3.88E+00;1.05E+00
0.0732;0.0332;3.84E+00;1.04E+00
0.0733;0.0333;3.88E+00;1.05E+00
0.0734;0.0334;3.88E+00;1.05E+00
0.0735;0.0335;3.88E+00;1.05E+00
0.0736;0.0336;3.88E+00;1.05E+00
0.0737;0.0337;3.88E+00;1.05E+00
0.0738;0.0338;3.88E+00;1.05E+00
0.0739;0.0339;3.88E+00;1.05E+00
0.074;0.034;3.88E+00;1.05E+00
0.0741;0.0341;3.88E+00;1.05E+00
0.0742;0.0342;3.88E+00;1.05E+00
0.0743;0.0343;3.88E+00;1.05E+00
0.0744;0.0344;3.88E+00;1.05E+00
0.0745;0.0345;3.88E+00;1.05E+00
0.0746;0.0346;3.88E+00;1.05E+00
0.0747;0.0347;3.88E+00;1.05E+00
0.0748;0.0348;3.88E+00;1.05E+00
0.0749;0.0349;3.92E+00;1.07E+00
0.075;0.035;3.88E+00;1.05E+00
0.0751;0.0351;3.88E+00;1.05E+00
0.0752;0.0352;3.88E+00;1.05E+00
0.0753;0.0353;3.88E+00;1.05E+00
0.0754;0.0354;3.88E+00;1.05E+00
0.0755;0.0355;3.92E+00;1.07E+00
0.0756;0.0356;3.92E+00;1.07E+00
0.0757;0.0357;3.88E+00;1.05E+00
0.0758;0.0358;3.92E+00;1.07E+00
0.0759;0.0359;3.92E+00;1.07E+00
0.076;0.036;3.92E+00;1.07E+00
0.0761;0.0361;3.92E+00;1.07E+00
0.0762;0.0362;3.92E+00;1.07E+00
0.0763;0.0363;3.92E+00;1.07E+00
0.0764;0.0364;3.92E+00;1.07E+00
0.0765;0.0365;3.92E+00;1.07E+00
0.0766;0.0366;3.92E+00;1.07E+00
0.0767;0.0367;3.88E+00;1.05E+00
0.0768;0.0368;3.92E+00;1.07E+00
0.0769;0.0369;3.92E+00;1.07E+00
0.077;0.037;3.92E+00;1.07E+00
0.0771;0.0371;3.88E+00;1.05E+00
0.0772;0.0372;3.92E+00;1.07E+00
0.0773;0.0373;3.92E+00;1.07E+00
0.0774;0.0374;3.92E+00;1.07E+00
0.0775;0.0375;3.92E+00;1.07E+00
0.0776;0.0376;3.88E+00;1.05E+00
0.0777;0.0377;3.92E+00;1.07E+00
0.0778;0.0378;3.92E+00;1.07E+00
0.0779;0.0379;3.92E+00;1.07E+00
0.078;0.038;3.92E+00;1.07E+00
0.0781;0.0381;3.92E+00;1.07E+00
0.0782;0.0382;3.92E+00;1.07E+00
0.0783;0.0383;3.92E+00;1.07E+00
0.0784;0.0384;3.92E+00;1.07E+00
0.0785;0.0385;3.92E+00;1.07E+00
0.0786;0.0386;3.92E+00;1.07E+00
0.0787;0.0387;3.92E+00;1.07E+00
0.0788;0.0388;3.92E+00;1.07E+00
0.0789;0.0389;3.92E+00;1.07E+00
0.079;0.039;3.92E+00;1.07E+00
0.0791;0.0391;3.92E+00;1.07E+00
0.0792;0.0392;3.92E+00;1.07E+00
0.0793;0.0393;3.92E+00;1.07E+00
0.0794;0.0394;3.92E+00;1.07E+00
0.0795;0.0395;3.88E+00;1.05E+00
0.0796;0.0396;3.92E+00;1.07E+00
0.0797;0.0397;3.92E+00;1.07E+00
0.0798;0.0398;3.92E+00;1.07E+00
0.0799;0.0399;3.92E+00;1.07E+00
0.08;0.04;3.92E+00;1.07E+00
0.0801;0.0401;3.92E+00;1.07E+00
0.0802;0.0402;3.92E+00;1.07E+00
0.0803;0.0403;3.92E+00;1.07E+00
0.0804;0.0404;3.88E+00;1.05E+00
0.0805;0.0405;3.92E+00;1.07E+00
0.0806;0.0406;3.92E+00;1.07E+00
0.0807;0.0407;3.92E+00;1.07E+00
0.0808;0.0408;3.92E+00;1.07E+00
0.0809;0.0409;3.92E+00;1.07E+00
0.081;0.041;3.88E+00;1.05E+00
0.0811;0.0411;3.92E+00;1.07E+00
0.0812;0.0412;3.88E+00;1.05E+00
0.0813;0.0413;3.88E+00;1.05E+00
0.0814;0.0414;3.88E+00;1.05E+00
0.0815;0.0415;3.88E+00;1.05E+00
0.0816;0.0416;3.88E+00;1.05E+00
0.0817;0.0417;3.88E+00;1.05E+00
0.0818;0.0418;3.88E+00;1.05E+00
0.0819;0.0419;3.88E+00;1.05E+00
0.082;0.042;3.88E+00;1.05E+00
0.0821;0.0421;3.88E+00;1.05E+00
0.0822;0.0422;3.88E+00;1.05E+00
0.0823;0.0423;3.88E+00;1.05E+00
0.0824;0.0424;3.92E+00;1.07E+00
0.0825;0.0425;3.88E+00;1.05E+00
0.0826;0.0426;3.88E+00;1.05E+00
0.0827;0.0427;3.88E+00;1.05E+00
0.0828;0.0428;3.88E+00;1.05E+00
0.0829;0.0429;3.88E+00;1.05E+00
0.083;0.043;3.88E+00;1.05E+00
0.0831;0.0431;3.88E+00;1.05E+00
0.0832;0.0432;3.88E+00;1.05E+00
0.0833;0.0433;3.88E+00;1.05E+00
0.0834;0.0434;3.88E+00;1.05E+00
0.0835;0.0435;3.88E+00;1.05E+00
0.0836;0.0436;3.88E+00;1.05E+00
0.0837;0.0437;3.88E+00;1.05E+00
0.0838;0.0438;3.88E+00;1.05E+00
0.0839;0.0439;3.88E+00;1.05E+00
0.084;0.044;3.88E+00;1.05E+00
0.0841;0.0441;3.88E+00;1.05E+00
0.0842;0.0442;3.88E+00;1.05E+00
0.0843;0.0443;3.88E+00;1.05E+00
0.0844;0.0444;3.88E+00;1.05E+00
0.0845;0.0445;3.88E+00;1.05E+00
0.0846;0.0446;3.84E+00;1.04E+00
0.0847;0.0447;3.84E+00;1.04E+00
0.0848;0.0448;3.88E+00;1.05E+00
0.0849;0.0449;3.84E+00;1.04E+00
0.085;0.045;3.84E+00;1.04E+00
0.0851;0.0451;3.84E+00;1.04E+00
0.0852;0.0452;3.84E+00;1.04E+00
0.0853;0.0453;3.84E+00;1.04E+00
0.0854;0.0454;3.84E+00;1.04E+00
0.0855;0.0455;3.84E+00;1.04E+00
0.0856;0.0456;3.84E+00;1.04E+00
0.0857;0.0457;3.84E+00;1.04E+00
0.0858;0.0458;3.84E+00;1.04E+00
0.0859;0.0459;3.84E+00;1.04E+00
0.086;0.046;3.80E+00;1.03E+00
0.0861;0.0461;3.84E+00;1.04E+00
0.0862;0.0462;3.84E+00;1.04E+00
0.0863;0.0463;3.84E+00;1.04E+00
0.0864;0.0464;3.84E+00;1.04E+00
0.0865;0.0465;3.84E+00;1.04E+00
0.0866;0.0466;3.84E+00;1.04E+00
0.0867;0.0467;3.84E+00;1.04E+00
0.0868;0.0468;3.80E+00;1.03E+00
0.0869;0.0469;3.84E+00;1.04E+00
0.087;0.047;3.84E+00;1.04E+00
0.0871;0.0471;3.80E+00;1.03E+00
0.0872;0.0472;3.80E+00;1.03E+00
0.0873;0.0473;3.80E+00;1.03E+00
0.0874;0.0474;3.84E+00;1.04E+00
0.0875;0.0475;3.84E+00;1.04E+00
0.0876;0.0476;3.84E+00;1.04E+00
0.0877;0.0477;3.80E+00;1.03E+00
0.0878;0.0478;3.80E+00;1.03E+00
0.0879;0.0479;3.80E+00;1.03E+00
0.088;0.048;3.84E+00;1.04E+00
0.0881;0.0481;3.80E+00;1.03E+00
0.0882;0.0482;3.80E+00;1.03E+00
0.0883;0.0483;3.80E+00;1.03E+00
0.0884;0.0484;3.80E+00;1.03E+00
0.0885;0.0485;3.80E+00;1.03E+00
0.0886;0.0486;3.80E+00;1.03E+00
0.0887;0.0487;3.80E+00;1.03E+00
0.0888;0.0488;3.80E+00;1.03E+00
0.0889;0.0489;3.80E+00;1.03E+00
0.089;0.049;3.80E+00;1.03E+00
0.0891;0.0491;3.80E+00;1.03E+00
0.0892;0.0492;3.80E+00;1.03E+00
0.0893;0.0493;3.76E+00;1.02E+00
0.0894;0.0494;3.80E+00;1.03E+00
0.0895;0.0495;3.80E+00;1.03E+00
0.0896;0.0496;3.80E+00;1.03E+00
0.0897;0.0497;3.76E+00;1.02E+00
0.0898;0.0498;3.80E+00;1.03E+00
0.0899;0.0499;3.76E+00;1.02E+00
0.09;0.05;3.76E+00;1.02E+00
0.0901;0.0501;3.76E+00;1.02E+00
0.0902;0.0502;3.80E+00;1.03E+00
0.0903;0.0503;3.76E+00;1.02E+00
0.0904;0.0504;3.80E+00;1.03E+00
0.0905;0.0505;3.80E+00;1.03E+00
0.0906;0.0506;3.80E+00;1.03E+00
0.0907;0.0507;3.76E+00;1.02E+00
0.0908;0.0508;3.76E+00;1.02E+00
0.0909;0.0509;3.76E+00;1.02E+00
0.091;0.051;3.76E+00;1.02E+00
0.0911;0.0511;3.76E+00;1.02E+00
0.0912;0.0512;3.76E+00;1.02E+00
0.0913;0.0513;3.76E+00;1.02E+00
0.0914;0.0514;3.76E+00;1.02E+00
0.0915;0.0515;3.76E+00;1.02E+00
0.0916;0.0516;3.76E+00;1.02E+00
0.0917;0.0517;3.76E+00;1.02E+00
0.0918;0.0518;3.76E+00;1.02E+00
0.0919;0.0519;3.76E+00;1.02E+00
0.092;0.052;3.76E+00;1.02E+00
0.0921;0.0521;3.72E+00;1.01E+00
0.0922;0.0522;3.76E+00;1.02E+00
0.0923;0.0523;3.76E+00;1.02E+00
0.0924;0.0524;3.76E+00;1.02E+00
0.0925;0.0525;3.76E+00;1.02E+00
0.0926;0.0526;3.76E+00;1.02E+00
0.0927;0.0527;3.76E+00;1.02E+00
0.0928;0.0528;3.76E+00;1.02E+00
0.0929;0.0529;3.76E+00;1.02E+00
0.093;0.053;3.76E+00;1.02E+00
0.0931;0.0531;3.76E+00;1.02E+00
0.0932;0.0532;3.72E+00;1.01E+00
0.0933;0.0533;3.72E+00;1.01E+00
0.0934;0.0534;3.72E+00;1.01E+00
0.0935;0.0535;3.72E+00;1.01E+00
0.0936;0.0536;3.76E+00;1.02E+00
0.0937;0.0537;3.76E+00;1.02E+00
0.0938;0.0538;3.76E+00;1.02E+00
0.0939;0.0539;3.72E+00;1.01E+00
0.094;0.054;3.72E+00;1.01E+00
0.0941;0.0541;3.72E+00;1.01E+00
0.0942;0.0542;3.72E+00;1.01E+00
0.0943;0.0543;3.72E+00;1.01E+00
0.0944;0.0544;3.72E+00;1.01E+00
0.0945;0.0545;3.72E+00;1.01E+00
0.0946;0.0546;3.72E+00;1.01E+00
0.0947;0.0547;3.72E+00;1.01E+00
0.0948;0.0548;3.72E+00;1.01E+00
0.0949;0.0549;3.72E+00;1.01E+00
0.095;0.055;3.72E+00;1.01E+00
0.0951;0.0551;3.72E+00;1.01E+00
0.0952;0.0552;3.72E+00;1.01E+00
0.0953;0.0553;3.72E+00;1.01E+00
0.0954;0.0554;3.72E+00;1.01E+00
0.0955;0.0555;3.72E+00;1.01E+00
0.0956;0.0556;3.72E+00;1.01E+00
0.0957;0.0557;3.72E+00;1.01E+00
0.0958;0.0558;3.72E+00;1.01E+00
0.0959;0.0559;3.72E+00;1.01E+00
0.096;0.056;3.72E+00;1.01E+00
0.0961;0.0561;3.72E+00;1.01E+00
0.0962;0.0562;3.68E+00;1.00E+00
0.0963;0.0563;3.72E+00;1.01E+00
0.0964;0.0564;3.72E+00;1.01E+00
0.0965;0.0565;3.72E+00;1.01E+00
0.0966;0.0566;3.72E+00;1.01E+00
0.0967;0.0567;3.72E+00;1.01E+00
0.0968;0.0568;3.72E+00;1.01E+00
0.0969;0.0569;3.72E+00;1.01E+00
0.097;0.057;3.72E+00;1.01E+00
0.0971;0.0571;3.72E+00;1.01E+00
0.0972;0.0572;3.72E+00;1.01E+00
0.0973;0.0573;3.72E+00;1.01E+00
0.0974;0.0574;3.72E+00;1.01E+00
0.0975;0.0575;3.72E+00;1.01E+00
0.0976;0.0576;3.72E+00;1.01E+00
0.0977;0.0577;3.72E+00;1.01E+00
0.0978;0.0578;3.72E+00;1.01E+00
0.0979;0.0579;3.68E+00;1.00E+00
0.098;0.058;3.72E+00;1.01E+00
0.0981;0.0581;3.68E+00;1.00E+00
0.0982;0.0582;3.68E+00;1.00E+00
0.0983;0.0583;3.68E+00;1.00E+00
0.0984;0.0584;3.72E+00;1.01E+00
0.0985;0.0585;3.68E+00;1.00E+00
0.0986;0.0586;3.68E+00;1.00E+00
0.0987;0.0587;3.68E+00;1.00E+00
0.0988;0.0588;3.68E+00;1.00E+00
0.0989;0.0589;3.68E+00;1.00E+00
0.099;0.059;3.68E+00;1.00E+00
0.0991;0.0591;3.68E+00;1.00E+00
0.0992;0.0592;3.68E+00;1.00E+00
0.0993;0.0593;3.68E+00;1.00E+00
0.0994;0.0594;3.68E+00;1.00E+00
0.0995;0.0595;3.68E+00;1.00E+00
0.0996;0.0596;3.68E+00;1.00E+00
0.0997;0.0597;3.68E+00;1.00E+00
0.0998;0.0598;3.68E+00;1.00E+00
0.0999;0.0599;3.68E+00;1.00E+00
0.1;0.06;3.68E+00;1.00E+00
0.1001;0.0601;3.68E+00;1.00E+00
0.1002;0.0602;3.68E+00;1.00E+00
0.1003;0.0603;3.68E+00;1.00E+00
0.1004;0.0604;3.68E+00;1.00E+00
0.1005;0.0605;3.68E+00;1.00E+00
0.1006;0.0606;3.68E+00;1.00E+00
0.1007;0.0607;3.68E+00;1.00E+00
0.1008;0.0608;3.68E+00;1.00E+00
0.1009;0.0609;3.68E+00;1.00E+00
0.101;0.061;3.68E+00;1.00E+00
0.1011;0.0611;3.68E+00;1.00E+00
0.1012;0.0612;3.68E+00;1.00E+00
0.1013;0.0613;3.68E+00;1.00E+00
0.1014;0.0614;3.68E+00;1.00E+00
0.1015;0.0615;3.68E+00;1.00E+00
0.1016;0.0616;3.68E+00;1.00E+00
0.1017;0.0617;3.68E+00;1.00E+00
0.1018;0.0618;3.68E+00;1.00E+00
0.1019;0.0619;3.68E+00;1.00E+00
0.102;0.062;3.68E+00;1.00E+00
0.1021;0.0621;3.68E+00;1.00E+00
0.1022;0.0622;3.68E+00;1.00E+00
0.1023;0.0623;3.68E+00;1.00E+00
0.1024;0.0624;3.64E+00;9.89E-01
0.1025;0.0625;3.64E+00;9.89E-01
0.1026;0.0626;3.68E+00;1.00E+00
0.1027;0.0627;3.68E+00;1.00E+00
0.1028;0.0628;3.68E+00;1.00E+00
0.1029;0.0629;3.68E+00;1.00E+00
0.103;0.063;3.64E+00;9.89E-01
0.1031;0.0631;3.68E+00;1.00E+00
0.1032;0.0632;3.68E+00;1.00E+00
0.1033;0.0633;3.68E+00;1.00E+00
0.1034;0.0634;3.68E+00;1.00E+00
0.1035;0.0635;3.68E+00;1.00E+00
0.1036;0.0636;3.64E+00;9.89E-01
0.1037;0.0637;3.64E+00;9.89E-01
0.1038;0.0638;3.68E+00;1.00E+00
0.1039;0.0639;3.68E+00;1.00E+00
0.104;0.064;3.68E+00;1.00E+00
0.1041;0.0641;3.64E+00;9.89E-01
0.1042;0.0642;3.68E+00;1.00E+00
0.1043;0.0643;3.68E+00;1.00E+00
0.1044;0.0644;3.64E+00;9.89E-01
0.1045;0.0645;3.64E+00;9.89E-01
0.1046;0.0646;3.64E+00;9.89E-01
0.1047;0.0647;3.68E+00;1.00E+00
0.1048;0.0648;3.64E+00;9.89E-01
0.1049;0.0649;3.64E+00;9.89E-01
0.105;0.065;3.68E+00;1.00E+00
0.1051;0.0651;3.64E+00;9.89E-01
0.1052;0.0652;3.68E+00;1.00E+00
0.1053;0.0653;3.68E+00;1.00E+00
0.1054;0.0654;3.64E+00;9.89E-01
0.1055;0.0655;3.64E+00;9.89E-01
0.1056;0.0656;3.64E+00;9.89E-01
0.1057;0.0657;3.64E+00;9.89E-01
0.1058;0.0658;3.64E+00;9.89E-01
0.1059;0.0659;3.64E+00;9.89E-01
0.106;0.066;3.64E+00;9.89E-01
0.1061;0.0661;3.64E+00;9.89E-01
0.1062;0.0662;3.64E+00;9.89E-01
0.1063;0.0663;3.64E+00;9.89E-01
0.1064;0.0664;3.64E+00;9.89E-01
0.1065;0.0665;3.64E+00;9.89E-01
0.1066;0.0666;3.64E+00;9.89E-01
0.1067;0.0667;3.68E+00;1.00E+00
0.1068;0.0668;3.64E+00;9.89E-01
0.1069;0.0669;3.64E+00;9.89E-01
0.107;0.067;3.64E+00;9.89E-01
0.1071;0.0671;3.68E+00;1.00E+00
0.1072;0.0672;3.64E+00;9.89E-01
0.1073;0.0673;3.64E+00;9.89E-01
0.1074;0.0674;3.64E+00;9.89E-01
0.1075;0.0675;3.64E+00;9.89E-01
0.1076;0.0676;3.64E+00;9.89E-01
0.1077;0.0677;3.64E+00;9.89E-01
0.1078;0.0678;3.64E+00;9.89E-01
0.1079;0.0679;3.64E+00;9.89E-01
0.108;0.068;3.64E+00;9.89E-01
0.1081;0.0681;3.64E+00;9.89E-01
0.1082;0.0682;3.64E+00;9.89E-01
0.1083;0.0683;3.64E+00;9.89E-01
0.1084;0.0684;3.64E+00;9.89E-01
0.1085;0.0685;3.64E+00;9.89E-01
0.1086;0.0686;3.64E+00;9.89E-01
0.1087;0.0687;3.68E+00;1.00E+00
0.1088;0.0688;3.64E+00;9.89E-01
0.1089;0.0689;3.64E+00;9.89E-01
0.109;0.069;3.64E+00;9.89E-01
0.1091;0.0691;3.64E+00;9.89E-01
0.1092;0.0692;3.64E+00;9.89E-01
0.1093;0.0693;3.64E+00;9.89E-01
0.1094;0.0694;3.64E+00;9.89E-01
0.1095;0.0695;3.64E+00;9.89E-01
0.1096;0.0696;3.64E+00;9.89E-01
0.1097;0.0697;3.64E+00;9.89E-01
0.1098;0.0698;3.64E+00;9.89E-01
0.1099;0.0699;3.64E+00;9.89E-01
0.11;0.07;3.60E+00;9.78E-01
0.1101;0.0701;3.64E+00;9.89E-01
0.1102;0.0702;3.64E+00;9.89E-01
0.1103;0.0703;3.68E+00;1.00E+00
0.1104;0.0704;3.64E+00;9.89E-01
0.1105;0.0705;3.64E+00;9.89E-01
0.1106;0.0706;3.64E+00;9.89E-01
0.1107;0.0707;3.64E+00;9.89E-01
0.1108;0.0708;3.64E+00;9.89E-01
0.1109;0.0709;3.64E+00;9.89E-01
0.111;0.071;3.64E+00;9.89E-01
0.1111;0.0711;3.60E+00;9.78E-01
0.1112;0.0712;3.64E+00;9.89E-01
0.1113;0.0713;3.64E+00;9.89E-01
0.1114;0.0714;3.64E+00;9.89E-01
0.1115;0.0715;3.64E+00;9.89E-01
0.1116;0.0716;3.64E+00;9.89E-01
0.1117;0.0717;3.64E+00;9.89E-01
0.1118;0.0718;3.64E+00;9.89E-01
0.1119;0.0719;3.64E+00;9.89E-01
0.112;0.072;3.64E+00;9.89E-01
0.1121;0.0721;3.68E+00;1.00E+00
0.1122;0.0722;3.64E+00;9.89E-01
0.1123;0.0723;3.64E+00;9.89E-01
0.1124;0.0724;3.64E+00;9.89E-01
0.1125;0.0725;3.64E+00;9.89E-01
0.1126;0.0726;3.68E+00;1.00E+00
0.1127;0.0727;3.64E+00;9.89E-01
0.1128;0.0728;3.64E+00;9.89E-01
0.1129;0.0729;3.64E+00;9.89E-01
0.113;0.073;3.64E+00;9.89E-01
0.1131;0.0731;3.64E+00;9.89E-01
0.1132;0.0732;3.64E+00;9.89E-01
0.1133;0.0733;3.64E+00;9.89E-01
0.1134;0.0734;3.68E+00;1.00E+00
0.1135;0.0735;3.64E+00;9.89E-01
0.1136;0.0736;3.64E+00;9.89E-01
0.1137;0.0737;3.64E+00;9.89E-01
0.1138;0.0738;3.64E+00;9.89E-01
0.1139;0.0739;3.64E+00;9.89E-01
0.114;0.074;3.64E+00;9.89E-01
0.1141;0.0741;3.64E+00;9.89E-01
0.1142;0.0742;3.64E+00;9.89E-01
0.1143;0.0743;3.64E+00;9.89E-01
0.1144;0.0744;3.64E+00;9.89E-01
0.1145;0.0745;3.64E+00;9.89E-01
0.1146;0.0746;3.64E+00;9.89E-01
0.1147;0.0747;3.64E+00;9.89E-01
0.1148;0.0748;3.64E+00;9.89E-01
0.1149;0.0749;3.64E+00;9.89E-01
0.115;0.075;3.64E+00;9.89E-01
0.1151;0.0751;3.64E+00;9.89E-01
0.1152;0.0752;3.64E+00;9.89E-01
0.1153;0.0753;3.68E+00;1.00E+00
0.1154;0.0754;3.64E+00;9.89E-01
0.1155;0.0755;3.64E+00;9.89E-01
0.1156;0.0756;3.64E+00;9.89E-01
0.1157;0.0757;3.64E+00;9.89E-01
0.1158;0.0758;3.64E+00;9.89E-01
0.1159;0.0759;3.68E+00;1.00E+00
0.116;0.076;3.64E+00;9.89E-01
0.1161;0.0761;3.64E+00;9.89E-01
0.1162;0.0762;3.68E+00;1.00E+00
0.1163;0.0763;3.64E+00;9.89E-01
0.1164;0.0764;3.64E+00;9.89E-01
0.1165;0.0765;3.64E+00;9.89E-01
0.1166;0.0766;3.64E+00;9.89E-01
0.1167;0.0767;3.64E+00;9.89E-01
0.1168;0.0768;3.64E+00;9.89E-01
0.1169;0.0769;3.64E+00;9.89E-01
0.117;0.077;3.68E+00;1.00E+00
0.1171;0.0771;3.68E+00;1.00E+00
0.1172;0.0772;3.64E+00;9.89E-01
0.1173;0.0773;3.64E+00;9.89E-01
0.1174;0.0774;3.64E+00;9.89E-01
0.1175;0.0775;3.64E+00;9.89E-01
0.1176;0.0776;3.64E+00;9.89E-01
0.1177;0.0777;3.64E+00;9.89E-01
0.1178;0.0778;3.64E+00;9.89E-01
0.1179;0.0779;3.64E+00;9.89E-01
0.118;0.078;3.64E+00;9.89E-01
0.1181;0.0781;3.64E+00;9.89E-01
0.1182;0.0782;3.64E+00;9.89E-01
0.1183;0.0783;3.64E+00;9.89E-01
0.1184;0.0784;3.64E+00;9.89E-01
0.1185;0.0785;3.64E+00;9.89E-01
0.1186;0.0786;3.64E+00;9.89E-01
0.1187;0.0787;3.64E+00;9.89E-01
0.1188;0.0788;3.64E+00;9.89E-01
0.1189;0.0789;3.64E+00;9.89E-01
0.119;0.079;3.64E+00;9.89E-01
0.1191;0.0791;3.68E+00;1.00E+00
0.1192;0.0792;3.64E+00;9.89E-01
0.1193;0.0793;3.64E+00;9.89E-01
0.1194;0.0794;3.64E+00;9.89E-01
0.1195;0.0795;3.64E+00;9.89E-01
0.1196;0.0796;3.64E+00;9.89E-01
0.1197;0.0797;3.68E+00;1.00E+00
0.1198;0.0798;3.68E+00;1.00E+00
0.1199;0.0799;3.64E+00;9.89E-01
0.12;0.08;3.64E+00;9.89E-01
0.1201;0.0801;3.68E+00;1.00E+00
0.1202;0.0802;3.64E+00;9.89E-01
0.1203;0.0803;3.64E+00;9.89E-01
0.1204;0.0804;3.64E+00;9.89E-01
0.1205;0.0805;3.68E+00;1.00E+00
0.1206;0.0806;3.68E+00;1.00E+00
0.1207;0.0807;3.64E+00;9.89E-01
0.1208;0.0808;3.64E+00;9.89E-01
0.1209;0.0809;3.68E+00;1.00E+00
0.121;0.081;3.64E+00;9.89E-01
0.1211;0.0811;3.64E+00;9.89E-01
0.1212;0.0812;3.64E+00;9.89E-01
0.1213;0.0813;3.64E+00;9.89E-01
0.1214;0.0814;3.68E+00;1.00E+00
0.1215;0.0815;3.64E+00;9.89E-01
0.1216;0.0816;3.64E+00;9.89E-01
0.1217;0.0817;3.68E+00;1.00E+00
0.1218;0.0818;3.68E+00;1.00E+00
0.1219;0.0819;3.64E+00;9.89E-01
0.122;0.082;3.68E+00;1.00E+00
0.1221;0.0821;3.64E+00;9.89E-01
0.1222;0.0822;3.68E+00;1.00E+00
0.1223;0.0823;3.68E+00;1.00E+00
0.1224;0.0824;3.64E+00;9.89E-01
0.1225;0.0825;3.64E+00;9.89E-01
0.1226;0.0826;3.68E+00;1.00E+00
0.1227;0.0827;3.68E+00;1.00E+00
0.1228;0.0828;3.64E+00;9.89E-01
0.1229;0.0829;3.68E+00;1.00E+00
0.123;0.083;3.64E+00;9.89E-01
0.1231;0.0831;3.68E+00;1.00E+00
0.1232;0.0832;3.64E+00;9.89E-01
0.1233;0.0833;3.68E+00;1.00E+00
0.1234;0.0834;3.68E+00;1.00E+00
0.1235;0.0835;3.64E+00;9.89E-01
0.1236;0.0836;3.68E+00;1.00E+00
0.1237;0.0837;3.68E+00;1.00E+00
0.1238;0.0838;3.64E+00;9.89E-01
0.1239;0.0839;3.64E+00;9.89E-01
0.124;0.084;3.68E+00;1.00E+00
0.1241;0.0841;3.68E+00;1.00E+00
0.1242;0.0842;3.64E+00;9.89E-01
0.1243;0.0843;3.64E+00;9.89E-01
0.1244;0.0844;3.68E+00;1.00E+00
0.1245;0.0845;3.68E+00;1.00E+00
0.1246;0.0846;3.64E+00;9.89E-01
0.1247;0.0847;3.64E+00;9.89E-01
0.1248;0.0848;3.64E+00;9.89E-01
0.1249;0.0849;3.64E+00;9.89E-01
0.125;0.085;3.68E+00;1.00E+00
0.1251;0.0851;3.68E+00;1.00E+00
0.1252;0.0852;3.68E+00;1.00E+00
0.1253;0.0853;3.68E+00;1.00E+00
0.1254;0.0854;3.68E+00;1.00E+00
0.1255;0.0855;3.68E+00;1.00E+00
0.1256;0.0856;3.64E+00;9.89E-01
0.1257;0.0857;3.64E+00;9.89E-01
0.1258;0.0858;3.68E+00;1.00E+00
0.1259;0.0859;3.64E+00;9.89E-01
0.126;0.086;3.68E+00;1.00E+00
0.1261;0.0861;3.64E+00;9.89E-01
0.1262;0.0862;3.64E+00;9.89E-01
0.1263;0.0863;3.64E+00;9.89E-01
0.1264;0.0864;3.64E+00;9.89E-01
0.1265;0.0865;3.68E+00;1.00E+00
0.1266;0.0866;3.64E+00;9.89E-01
0.1267;0.0867;3.64E+00;9.89E-01
0.1268;0.0868;3.64E+00;9.89E-01
0.1269;0.0869;3.68E+00;1.00E+00
0.127;0.087;3.64E+00;9.89E-01
0.1271;0.0871;3.64E+00;9.89E-01
0.1272;0.0872;3.64E+00;9.89E-01
0.1273;0.0873;3.68E+00;1.00E+00
0.1274;0.0874;3.68E+00;1.00E+00
0.1275;0.0875;3.64E+00;9.89E-01
0.1276;0.0876;3.68E+00;1.00E+00
0.1277;0.0877;3.68E+00;1.00E+00
0.1278;0.0878;3.64E+00;9.89E-01
0.1279;0.0879;3.64E+00;9.89E-01
0.128;0.088;3.64E+00;9.89E-01
0.1281;0.0881;3.68E+00;1.00E+00
0.1282;0.0882;3.68E+00;1.00E+00
0.1283;0.0883;3.64E+00;9.89E-01
0.1284;0.0884;3.68E+00;1.00E+00
0.1285;0.0885;3.64E+00;9.89E-01
0.1286;0.0886;3.68E+00;1.00E+00
0.1287;0.0887;3.68E+00;1.00E+00
0.1288;0.0888;3.64E+00;9.89E-01
0.1289;0.0889;3.64E+00;9.89E-01
0.129;0.089;3.68E+00;1.00E+00
0.1291;0.0891;3.68E+00;1.00E+00
0.1292;0.0892;3.64E+00;9.89E-01
0.1293;0.0893;3.68E+00;1.00E+00
0.1294;0.0894;3.68E+00;1.00E+00
0.1295;0.0895;3.68E+00;1.00E+00
0.1296;0.0896;3.68E+00;1.00E+00
0.1297;0.0897;3.68E+00;1.00E+00
0.1298;0.0898;3.68E+00;1.00E+00
0.1299;0.0899;3.68E+00;1.00E+00
0.13;0.09;3.68E+00;1.00E+00
0.1301;0.0901;3.68E+00;1.00E+00
0.1302;0.0902;3.64E+00;9.89E-01
0.1303;0.0903;3.68E+00;1.00E+00
0.1304;0.0904;3.64E+00;9.89E-01
0.1305;0.0905;3.68E+00;1.00E+00
0.1306;0.0906;3.68E+00;1.00E+00
0.1307;0.0907;3.68E+00;1.00E+00
0.1308;0.0908;3.68E+00;1.00E+00
0.1309;0.0909;3.68E+00;1.00E+00
0.131;0.091;3.68E+00;1.00E+00
0.1311;0.0911;3.68E+00;1.00E+00
0.1312;0.0912;3.64E+00;9.89E-01
0.1313;0.0913;3.64E+00;9.89E-01
0.1314;0.0914;3.68E+00;1.00E+00
0.1315;0.0915;3.64E+00;9.89E-01
0.1316;0.0916;3.68E+00;1.00E+00
0.1317;0.0917;3.68E+00;1.00E+00
0.1318;0.0918;3.68E+00;1.00E+00
0.1319;0.0919;3.68E+00;1.00E+00
0.132;0.092;3.64E+00;9.89E-01
0.1321;0.0921;3.64E+00;9.89E-01
0.1322;0.0922;3.68E+00;1.00E+00
0.1323;0.0923;3.68E+00;1.00E+00
0.1324;0.0924;3.68E+00;1.00E+00
0.1325;0.0925;3.64E+00;9.89E-01
0.1326;0.0926;3.68E+00;1.00E+00
0.1327;0.0927;3.68E+00;1.00E+00
0.1328;0.0928;3.68E+00;1.00E+00
0.1329;0.0929;3.68E+00;1.00E+00
0.133;0.093;3.64E+00;9.89E-01
0.1331;0.0931;3.64E+00;9.89E-01
0.1332;0.0932;3.64E+00;9.89E-01
0.1333;0.0933;3.68E+00;1.00E+00
0.1334;0.0934;3.68E+00;1.00E+00
0.1335;0.0935;3.68E+00;1.00E+00
0.1336;0.0936;3.68E+00;1.00E+00
0.1337;0.0937;3.64E+00;9.89E-01
0.1338;0.0938;3.68E+00;1.00E+00
0.1339;0.0939;3.68E+00;1.00E+00
0.134;0.094;3.68E+00;1.00E+00
0.1341;0.0941;3.64E+00;9.89E-01
0.1342;0.0942;3.68E+00;1.00E+00
0.1343;0.0943;3.68E+00;1.00E+00
0.1344;0.0944;3.68E+00;1.00E+00
0.1345;0.0945;3.68E+00;1.00E+00
0.1346;0.0946;3.68E+00;1.00E+00
0.1347;0.0947;3.64E+00;9.89E-01
0.1348;0.0948;3.68E+00;1.00E+00
0.1349;0.0949;3.64E+00;9.89E-01
0.135;0.095;3.68E+00;1.00E+00
0.1351;0.0951;3.64E+00;9.89E-01
0.1352;0.0952;3.68E+00;1.00E+00
0.1353;0.0953;3.64E+00;9.89E-01
0.1354;0.0954;3.68E+00;1.00E+00
0.1355;0.0955;3.68E+00;1.00E+00
0.1356;0.0956;3.68E+00;1.00E+00
0.1357;0.0957;3.68E+00;1.00E+00
0.1358;0.0958;3.68E+00;1.00E+00
0.1359;0.0959;3.68E+00;1.00E+00
0.136;0.096;3.68E+00;1.00E+00
0.1361;0.0961;3.68E+00;1.00E+00
0.1362;0.0962;3.68E+00;1.00E+00
0.1363;0.0963;3.68E+00;1.00E+00
0.1364;0.0964;3.68E+00;1.00E+00
0.1365;0.0965;3.68E+00;1.00E+00
0.1366;0.0966;3.68E+00;1.00E+00
0.1367;0.0967;3.68E+00;1.00E+00
0.1368;0.0968;3.68E+00;1.00E+00
0.1369;0.0969;3.68E+00;1.00E+00
0.137;0.097;3.68E+00;1.00E+00
0.1371;0.0971;3.64E+00;9.89E-01
0.1372;0.0972;3.68E+00;1.00E+00
0.1373;0.0973;3.68E+00;1.00E+00
0.1374;0.0974;3.68E+00;1.00E+00
0.1375;0.0975;3.68E+00;1.00E+00
0.1376;0.0976;3.68E+00;1.00E+00
0.1377;0.0977;3.68E+00;1.00E+00
0.1378;0.0978;3.64E+00;9.89E-01
0.1379;0.0979;3.64E+00;9.89E-01
0.138;0.098;3.68E+00;1.00E+00
0.1381;0.0981;3.68E+00;1.00E+00
0.1382;0.0982;3.68E+00;1.00E+00
0.1383;0.0983;3.68E+00;1.00E+00
0.1384;0.0984;3.68E+00;1.00E+00
0.1385;0.0985;3.68E+00;1.00E+00
0.1386;0.0986;3.68E+00;1.00E+00
0.1387;0.0987;3.68E+00;1.00E+00
0.1388;0.0988;3.68E+00;1.00E+00
0.1389;0.0989;3.68E+00;1.00E+00
0.139;0.099;3.68E+00;1.00E+00
0.1391;0.0991;3.64E+00;9.89E-01
0.1392;0.0992;3.68E+00;1.00E+00
0.1393;0.0993;3.68E+00;1.00E+00
0.1394;0.0994;3.68E+00;1.00E+00
0.1395;0.0995;3.68E+00;1.00E+00
0.1396;0.0996;3.68E+00;1.00E+00
0.1397;0.0997;3.68E+00;1.00E+00
0.1398;0.0998;3.68E+00;1.00E+00
0.1399;0.0999;3.68E+00;1.00E+00
0.14;0.1;3.68E+00;1.00E+00
0.1401;0.1001;3.68E+00;1.00E+00
0.1402;0.1002;3.68E+00;1.00E+00
0.1403;0.1003;3.68E+00;1.00E+00
0.1404;0.1004;3.64E+00;9.89E-01
0.1405;0.1005;3.68E+00;1.00E+00
0.1406;0.1006;3.64E+00;9.89E-01
0.1407;0.1007;3.68E+00;1.00E+00
0.1408;0.1008;3.64E+00;9.89E-01
0.1409;0.1009;3.68E+00;1.00E+00
0.141;0.101;3.64E+00;9.89E-01
0.1411;0.1011;3.68E+00;1.00E+00
0.1412;0.1012;3.68E+00;1.00E+00
0.1413;0.1013;3.68E+00;1.00E+00
0.1414;0.1014;3.68E+00;1.00E+00
0.1415;0.1015;3.68E+00;1.00E+00
0.1416;0.1016;3.68E+00;1.00E+00
0.1417;0.1017;3.64E+00;9.89E-01
0.1418;0.1018;3.68E+00;1.00E+00
0.1419;0.1019;3.64E+00;9.89E-01
0.142;0.102;3.68E+00;1.00E+00
0.1421;0.1021;3.68E+00;1.00E+00
0.1422;0.1022;3.64E+00;9.89E-01
0.1423;0.1023;3.68E+00;1.00E+00
0.1424;0.1024;3.68E+00;1.00E+00
0.1425;0.1025;3.68E+00;1.00E+00
0.1426;0.1026;3.68E+00;1.00E+00
0.1427;0.1027;3.68E+00;1.00E+00
0.1428;0.1028;3.64E+00;9.89E-01
0.1429;0.1029;3.64E+00;9.89E-01
0.143;0.103;3.68E+00;1.00E+00
0.1431;0.1031;3.68E+00;1.00E+00
0.1432;0.1032;3.68E+00;1.00E+00
0.1433;0.1033;3.68E+00;1.00E+00
0.1434;0.1034;3.68E+00;1.00E+00
0.1435;0.1035;3.64E+00;9.89E-01
0.1436;0.1036;3.68E+00;1.00E+00
0.1437;0.1037;3.68E+00;1.00E+00
0.1438;0.1038;3.68E+00;1.00E+00
0.1439;0.1039;3.68E+00;1.00E+00
0.144;0.104;3.68E+00;1.00E+00
0.1441;0.1041;3.68E+00;1.00E+00
0.1442;0.1042;3.68E+00;1.00E+00
0.1443;0.1043;3.68E+00;1.00E+00
0.1444;0.1044;3.68E+00;1.00E+00
0.1445;0.1045;3.68E+00;1.00E+00
0.1446;0.1046;3.68E+00;1.00E+00
0.1447;0.1047;3.68E+00;1.00E+00
0.1448;0.1048;3.68E+00;1.00E+00
0.1449;0.1049;3.68E+00;1.00E+00
0.145;0.105;3.64E+00;9.89E-01
0.1451;0.1051;3.68E+00;1.00E+00
0.1452;0.1052;3.68E+00;1.00E+00
0.1453;0.1053;3.68E+00;1.00E+00
0.1454;0.1054;3.68E+00;1.00E+00
0.1455;0.1055;3.68E+00;1.00E+00
0.1456;0.1056;3.68E+00;1.00E+00
0.1457;0.1057;3.68E+00;1.00E+00
0.1458;0.1058;3.68E+00;1.00E+00
0.1459;0.1059;3.68E+00;1.00E+00
0.146;0.106;3.68E+00;1.00E+00
0.1461;0.1061;3.68E+00;1.00E+00
0.1462;0.1062;3.68E+00;1.00E+00
0.1463;0.1063;3.68E+00;1.00E+00
0.1464;0.1064;3.68E+00;1.00E+00
0.1465;0.1065;3.68E+00;1.00E+00
0.1466;0.1066;3.68E+00;1.00E+00
0.1467;0.1067;3.68E+00;1.00E+00
0.1468;0.1068;3.68E+00;1.00E+00
0.1469;0.1069;3.68E+00;1.00E+00
0.147;0.107;3.68E+00;1.00E+00
0.1471;0.1071;3.68E+00;1.00E+00
0.1472;0.1072;3.68E+00;1.00E+00
0.1473;0.1073;3.68E+00;1.00E+00
0.1474;0.1074;3.68E+00;1.00E+00
0.1475;0.1075;3.68E+00;1.00E+00
0.1476;0.1076;3.68E+00;1.00E+00
0.1477;0.1077;3.68E+00;1.00E+00
0.1478;0.1078;3.68E+00;1.00E+00
0.1479;0.1079;3.68E+00;1.00E+00
0.148;0.108;3.68E+00;1.00E+00
0.1481;0.1081;3.68E+00;1.00E+00
0.1482;0.1082;3.68E+00;1.00E+00
0.1483;0.1083;3.68E+00;1.00E+00
0.1484;0.1084;3.68E+00;1.00E+00
0.1485;0.1085;3.68E+00;1.00E+00
0.1486;0.1086;3.68E+00;1.00E+00
0.1487;0.1087;3.68E+00;1.00E+00
0.1488;0.1088;3.68E+00;1.00E+00
0.1489;0.1089;3.68E+00;1.00E+00
0.149;0.109;3.68E+00;1.00E+00
0.1491;0.1091;3.68E+00;1.00E+00
0.1492;0.1092;3.68E+00;1.00E+00
0.1493;0.1093;3.68E+00;1.00E+00
0.1494;0.1094;3.68E+00;1.00E+00
0.1495;0.1095;3.68E+00;1.00E+00
0.1496;0.1096;3.68E+00;1.00E+00
0.1497;0.1097;3.68E+00;1.00E+00
0.1498;0.1098;3.68E+00;1.00E+00
0.1499;0.1099;3.68E+00;1.00E+00
0.15;0.11;3.64E+00;9.89E-01
0.1501;0.1101;3.68E+00;1.00E+00
0.1502;0.1102;3.68E+00;1.00E+00
0.1503;0.1103;3.68E+00;1.00E+00
0.1504;0.1104;3.68E+00;1.00E+00
0.1505;0.1105;3.68E+00;1.00E+00
0.1506;0.1106;3.68E+00;1.00E+00
0.1507;0.1107;3.68E+00;1.00E+00
0.1508;0.1108;3.68E+00;1.00E+00
0.1509;0.1109;3.68E+00;1.00E+00
0.151;0.111;3.68E+00;1.00E+00
0.1511;0.1111;3.68E+00;1.00E+00
0.1512;0.1112;3.68E+00;1.00E+00
0.1513;0.1113;3.68E+00;1.00E+00
0.1514;0.1114;3.68E+00;1.00E+00
0.1515;0.1115;3.68E+00;1.00E+00
0.1516;0.1116;3.68E+00;1.00E+00
0.1517;0.1117;3.68E+00;1.00E+00
0.1518;0.1118;3.68E+00;1.00E+00
0.1519;0.1119;3.68E+00;1.00E+00
0.152;0.112;3.68E+00;1.00E+00
0.1521;0.1121;3.64E+00;9.89E-01
0.1522;0.1122;3.68E+00;1.00E+00
0.1523;0.1123;3.68E+00;1.00E+00
0.1524;0.1124;3.68E+00;1.00E+00
0.1525;0.1125;3.68E+00;1.00E+00
0.1526;0.1126;3.68E+00;1.00E+00
0.1527;0.1127;3.68E+00;1.00E+00
0.1528;0.1128;3.68E+00;1.00E+00
0.1529;0.1129;3.68E+00;1.00E+00
0.153;0.113;3.64E+00;9.89E-01
0.1531;0.1131;3.68E+00;1.00E+00
0.1532;0.1132;3.68E+00;1.00E+00
0.1533;0.1133;3.68E+00;1.00E+00
0.1534;0.1134;3.68E+00;1.00E+00
0.1535;0.1135;3.68E+00;1.00E+00
0.1536;0.1136;3.68E+00;1.00E+00
0.1537;0.1137;3.64E+00;9.89E-01
0.1538;0.1138;3.68E+00;1.00E+00
0.1539;0.1139;3.68E+00;1.00E+00
0.154;0.114;3.68E+00;1.00E+00
0.1541;0.1141;3.68E+00;1.00E+00
0.1542;0.1142;3.68E+00;1.00E+00
0.1543;0.1143;3.68E+00;1.00E+00
0.1544;0.1144;3.68E+00;1.00E+00
0.1545;0.1145;3.68E+00;1.00E+00
0.1546;0.1146;3.68E+00;1.00E+00
0.1547;0.1147;3.68E+00;1.00E+00
0.1548;0.1148;3.68E+00;1.00E+00
0.1549;0.1149;3.68E+00;1.00E+00
0.155;0.115;3.68E+00;1.00E+00
0.1551;0.1151;3.68E+00;1.00E+00
0.1552;0.1152;3.68E+00;1.00E+00
0.1553;0.1153;3.68E+00;1.00E+00
0.1554;0.1154;3.68E+00;1.00E+00
0.1555;0.1155;3.68E+00;1.00E+00
0.1556;0.1156;3.68E+00;1.00E+00
0.1557;0.1157;3.68E+00;1.00E+00
0.1558;0.1158;3.68E+00;1.00E+00
0.1559;0.1159;3.68E+00;1.00E+00
0.156;0.116;3.68E+00;1.00E+00
0.1561;0.1161;3.68E+00;1.00E+00
0.1562;0.1162;3.68E+00;1.00E+00
0.1563;0.1163;3.68E+00;1.00E+00
0.1564;0.1164;3.68E+00;1.00E+00
0.1565;0.1165;3.68E+00;1.00E+00
0.1566;0.1166;3.68E+00;1.00E+00
0.1567;0.1167;3.68E+00;1.00E+00
0.1568;0.1168;3.68E+00;1.00E+00
0.1569;0.1169;3.68E+00;1.00E+00
0.157;0.117;3.68E+00;1.00E+00
0.1571;0.1171;3.68E+00;1.00E+00
0.1572;0.1172;3.68E+00;1.00E+00
0.1573;0.1173;3.68E+00;1.00E+00
0.1574;0.1174;3.68E+00;1.00E+00
0.1575;0.1175;3.68E+00;1.00E+00
0.1576;0.1176;3.68E+00;1.00E+00
0.1577;0.1177;3.68E+00;1.00E+00
0.1578;0.1178;3.68E+00;1.00E+00
0.1579;0.1179;3.68E+00;1.00E+00
0.158;0.118;3.68E+00;1.00E+00
0.1581;0.1181;3.68E+00;1.00E+00
0.1582;0.1182;3.68E+00;1.00E+00
0.1583;0.1183;3.68E+00;1.00E+00
0.1584;0.1184;3.64E+00;9.89E-01
0.1585;0.1185;3.68E+00;1.00E+00
0.1586;0.1186;3.68E+00;1.00E+00
0.1587;0.1187;3.68E+00;1.00E+00
0.1588;0.1188;3.68E+00;1.00E+00
0.1589;0.1189;3.68E+00;1.00E+00
0.159;0.119;3.68E+00;1.00E+00
0.1591;0.1191;3.68E+00;1.00E+00
0.1592;0.1192;3.64E+00;9.89E-01
0.1593;0.1193;3.68E+00;1.00E+00
0.1594;0.1194;3.68E+00;1.00E+00
0.1595;0.1195;3.68E+00;1.00E+00
0.1596;0.1196;3.68E+00;1.00E+00
0.1597;0.1197;3.68E+00;1.00E+00
0.1598;0.1198;3.68E+00;1.00E+00
0.1599;0.1199;3.68E+00;1.00E+00
0.16;0.12;3.68E+00;1.00E+00
0.1601;0.1201;3.68E+00;1.00E+00
0.1602;0.1202;3.68E+00;1.00E+00
0.1603;0.1203;3.68E+00;1.00E+00
0.1604;0.1204;3.68E+00;1.00E+00
0.1605;0.1205;3.68E+00;1.00E+00
0.1606;0.1206;3.68E+00;1.00E+00
0.1607;0.1207;3.68E+00;1.00E+00
0.1608;0.1208;3.68E+00;1.00E+00
0.1609;0.1209;3.68E+00;1.00E+00
0.161;0.121;3.68E+00;1.00E+00
0.1611;0.1211;3.68E+00;1.00E+00
0.1612;0.1212;3.68E+00;1.00E+00
0.1613;0.1213;3.68E+00;1.00E+00
0.1614;0.1214;3.68E+00;1.00E+00
0.1615;0.1215;3.68E+00;1.00E+00
0.1616;0.1216;3.68E+00;1.00E+00
0.1617;0.1217;3.68E+00;1.00E+00
0.1618;0.1218;3.68E+00;1.00E+00
0.1619;0.1219;3.68E+00;1.00E+00
0.162;0.122;3.68E+00;1.00E+00
0.1621;0.1221;3.68E+00;1.00E+00
0.1622;0.1222;3.68E+00;1.00E+00
0.1623;0.1223;3.64E+00;9.89E-01
0.1624;0.1224;3.68E+00;1.00E+00
0.1625;0.1225;3.68E+00;1.00E+00
0.1626;0.1226;3.68E+00;1.00E+00
0.1627;0.1227;3.68E+00;1.00E+00
0.1628;0.1228;3.68E+00;1.00E+00
0.1629;0.1229;3.68E+00;1.00E+00
0.163;0.123;3.68E+00;1.00E+00
0.1631;0.1231;3.68E+00;1.00E+00
0.1632;0.1232;3.68E+00;1.00E+00
0.1633;0.1233;3.68E+00;1.00E+00
0.1634;0.1234;3.68E+00;1.00E+00
0.1635;0.1235;3.68E+00;1.00E+00
0.1636;0.1236;3.68E+00;1.00E+00
0.1637;0.1237;3.68E+00;1.00E+00
0.1638;0.1238;3.68E+00;1.00E+00
0.1639;0.1239;3.68E+00;1.00E+00
0.164;0.124;3.68E+00;1.00E+00
0.1641;0.1241;3.68E+00;1.00E+00
0.1642;0.1242;3.68E+00;1.00E+00
0.1643;0.1243;3.68E+00;1.00E+00
0.1644;0.1244;3.68E+00;1.00E+00
0.1645;0.1245;3.68E+00;1.00E+00
0.1646;0.1246;3.68E+00;1.00E+00
0.1647;0.1247;3.68E+00;1.00E+00
0.1648;0.1248;3.68E+00;1.00E+00
0.1649;0.1249;3.68E+00;1.00E+00
0.165;0.125;3.64E+00;9.89E-01
0.1651;0.1251;3.68E+00;1.00E+00
0.1652;0.1252;3.68E+00;1.00E+00
0.1653;0.1253;3.68E+00;1.00E+00
0.1654;0.1254;3.68E+00;1.00E+00
0.1655;0.1255;3.68E+00;1.00E+00
0.1656;0.1256;3.68E+00;1.00E+00
0.1657;0.1257;3.68E+00;1.00E+00
0.1658;0.1258;3.68E+00;1.00E+00
0.1659;0.1259;3.68E+00;1.00E+00
0.166;0.126;3.68E+00;1.00E+00
0.1661;0.1261;3.68E+00;1.00E+00
0.1662;0.1262;3.68E+00;1.00E+00
0.1663;0.1263;3.68E+00;1.00E+00
0.1664;0.1264;3.68E+00;1.00E+00
0.1665;0.1265;3.68E+00;1.00E+00
0.1666;0.1266;3.68E+00;1.00E+00
0.1667;0.1267;3.64E+00;9.89E-01
0.1668;0.1268;3.68E+00;1.00E+00
0.1669;0.1269;3.68E+00;1.00E+00
0.167;0.127;3.68E+00;1.00E+00
0.1671;0.1271;3.68E+00;1.00E+00
0.1672;0.1272;3.68E+00;1.00E+00
0.1673;0.1273;3.68E+00;1.00E+00
0.1674;0.1274;3.68E+00;1.00E+00
0.1675;0.1275;3.64E+00;9.89E-01
0.1676;0.1276;3.68E+00;1.00E+00
0.1677;0.1277;3.68E+00;1.00E+00
0.1678;0.1278;3.68E+00;1.00E+00
0.1679;0.1279;3.68E+00;1.00E+00
0.168;0.128;3.68E+00;1.00E+00
0.1681;0.1281;3.68E+00;1.00E+00
0.1682;0.1282;3.68E+00;1.00E+00
0.1683;0.1283;3.68E+00;1.00E+00
0.1684;0.1284;3.68E+00;1.00E+00
0.1685;0.1285;3.68E+00;1.00E+00
0.1686;0.1286;3.68E+00;1.00E+00
0.1687;0.1287;3.68E+00;1.00E+00
0.1688;0.1288;3.68E+00;1.00E+00
0.1689;0.1289;3.68E+00;1.00E+00
0.169;0.129;3.68E+00;1.00E+00
0.1691;0.1291;3.68E+00;1.00E+00
0.1692;0.1292;3.68E+00;1.00E+00
0.1693;0.1293;3.68E+00;1.00E+00
0.1694;0.1294;3.68E+00;1.00E+00
0.1695;0.1295;3.68E+00;1.00E+00
0.1696;0.1296;3.68E+00;1.00E+00
0.1697;0.1297;3.64E+00;9.89E-01
0.1698;0.1298;3.68E+00;1.00E+00
0.1699;0.1299;3.64E+00;9.89E-01
0.17;0.13;3.68E+00;1.00E+00
0.1701;0.1301;3.68E+00;1.00E+00
0.1702;0.1302;3.68E+00;1.00E+00
0.1703;0.1303;3.68E+00;1.00E+00
0.1704;0.1304;3.68E+00;1.00E+00
0.1705;0.1305;3.68E+00;1.00E+00
0.1706;0.1306;3.68E+00;1.00E+00
0.1707;0.1307;3.68E+00;1.00E+00
0.1708;0.1308;3.68E+00;1.00E+00
0.1709;0.1309;3.68E+00;1.00E+00
0.171;0.131;3.68E+00;1.00E+00
0.1711;0.1311;3.68E+00;1.00E+00
0.1712;0.1312;3.68E+00;1.00E+00
0.1713;0.1313;3.68E+00;1.00E+00
0.1714;0.1314;3.68E+00;1.00E+00
0.1715;0.1315;3.68E+00;1.00E+00
0.1716;0.1316;3.68E+00;1.00E+00
0.1717;0.1317;3.64E+00;9.89E-01
0.1718;0.1318;3.68E+00;1.00E+00
0.1719;0.1319;3.68E+00;1.00E+00
0.172;0.132;3.68E+00;1.00E+00
0.1721;0.1321;3.68E+00;1.00E+00
0.1722;0.1322;3.68E+00;1.00E+00
0.1723;0.1323;3.68E+00;1.00E+00
0.1724;0.1324;3.68E+00;1.00E+00
0.1725;0.1325;3.68E+00;1.00E+00
0.1726;0.1326;3.68E+00;1.00E+00
0.1727;0.1327;3.68E+00;1.00E+00
0.1728;0.1328;3.68E+00;1.00E+00
0.1729;0.1329;3.68E+00;1.00E+00
0.173;0.133;3.68E+00;1.00E+00
0.1731;0.1331;3.68E+00;1.00E+00
0.1732;0.1332;3.68E+00;1.00E+00
0.1733;0.1333;3.68E+00;1.00E+00
0.1734;0.1334;3.68E+00;1.00E+00
0.1735;0.1335;3.68E+00;1.00E+00
0.1736;0.1336;3.68E+00;1.00E+00
0.1737;0.1337;3.68E+00;1.00E+00
0.1738;0.1338;3.68E+00;1.00E+00
0.1739;0.1339;3.68E+00;1.00E+00
0.174;0.134;3.68E+00;1.00E+00
0.1741;0.1341;3.68E+00;1.00E+00
0.1742;0.1342;3.68E+00;1.00E+00
0.1743;0.1343;3.68E+00;1.00E+00
0.1744;0.1344;3.68E+00;1.00E+00
0.1745;0.1345;3.68E+00;1.00E+00
0.1746;0.1346;3.68E+00;1.00E+00
0.1747;0.1347;3.68E+00;1.00E+00
0.1748;0.1348;3.64E+00;9.89E-01
0.1749;0.1349;3.68E+00;1.00E+00
0.175;0.135;3.68E+00;1.00E+00
0.1751;0.1351;3.64E+00;9.89E-01
0.1752;0.1352;3.68E+00;1.00E+00
0.1753;0.1353;3.68E+00;1.00E+00
0.1754;0.1354;3.68E+00;1.00E+00
0.1755;0.1355;3.68E+00;1.00E+00
0.1756;0.1356;3.68E+00;1.00E+00
0.1757;0.1357;3.68E+00;1.00E+00
0.1758;0.1358;3.68E+00;1.00E+00
0.1759;0.1359;3.68E+00;1.00E+00
0.176;0.136;3.68E+00;1.00E+00
0.1761;0.1361;3.68E+00;1.00E+00
0.1762;0.1362;3.68E+00;1.00E+00
0.1763;0.1363;3.68E+00;1.00E+00
0.1764;0.1364;3.64E+00;9.89E-01
0.1765;0.1365;3.68E+00;1.00E+00
0.1766;0.1366;3.68E+00;1.00E+00
0.1767;0.1367;3.68E+00;1.00E+00
0.1768;0.1368;3.68E+00;1.00E+00
0.1769;0.1369;3.68E+00;1.00E+00
0.177;0.137;3.64E+00;9.89E-01
0.1771;0.1371;3.68E+00;1.00E+00
0.1772;0.1372;3.68E+00;1.00E+00
0.1773;0.1373;3.68E+00;1.00E+00
0.1774;0.1374;3.68E+00;1.00E+00
0.1775;0.1375;3.68E+00;1.00E+00
0.1776;0.1376;3.68E+00;1.00E+00
0.1777;0.1377;3.64E+00;9.89E-01
0.1778;0.1378;3.68E+00;1.00E+00
0.1779;0.1379;3.68E+00;1.00E+00
0.178;0.138;3.68E+00;1.00E+00
0.1781;0.1381;3.64E+00;9.89E-01
0.1782;0.1382;3.68E+00;1.00E+00
0.1783;0.1383;3.64E+00;9.89E-01
0.1784;0.1384;3.68E+00;1.00E+00
0.1785;0.1385;3.68E+00;1.00E+00
0.1786;0.1386;3.68E+00;1.00E+00
0.1787;0.1387;3.68E+00;1.00E+00
0.1788;0.1388;3.68E+00;1.00E+00
0.1789;0.1389;3.68E+00;1.00E+00
0.179;0.139;3.68E+00;1.00E+00
0.1791;0.1391;3.64E+00;9.89E-01
0.1792;0.1392;3.68E+00;1.00E+00
0.1793;0.1393;3.68E+00;1.00E+00
0.1794;0.1394;3.68E+00;1.00E+00
0.1795;0.1395;3.68E+00;1.00E+00
0.1796;0.1396;3.68E+00;1.00E+00
0.1797;0.1397;3.68E+00;1.00E+00
0.1798;0.1398;3.68E+00;1.00E+00
0.1799;0.1399;3.68E+00;1.00E+00
0.18;0.14;3.68E+00;1.00E+00
0.1801;0.1401;3.68E+00;1.00E+00
0.1802;0.1402;3.68E+00;1.00E+00
0.1803;0.1403;3.68E+00;1.00E+00
0.1804;0.1404;3.68E+00;1.00E+00
0.1805;0.1405;3.68E+00;1.00E+00
0.1806;0.1406;3.68E+00;1.00E+00
0.1807;0.1407;3.68E+00;1.00E+00
0.1808;0.1408;3.68E+00;1.00E+00
0.1809;0.1409;3.68E+00;1.00E+00
0.181;0.141;3.68E+00;1.00E+00
0.1811;0.1411;3.68E+00;1.00E+00
0.1812;0.1412;3.68E+00;1.00E+00
0.1813;0.1413;3.68E+00;1.00E+00
0.1814;0.1414;3.68E+00;1.00E+00
0.1815;0.1415;3.68E+00;1.00E+00
0.1816;0.1416;3.68E+00;1.00E+00
0.1817;0.1417;3.68E+00;1.00E+00
0.1818;0.1418;3.68E+00;1.00E+00
0.1819;0.1419;3.68E+00;1.00E+00
0.182;0.142;3.68E+00;1.00E+00
0.1821;0.1421;3.68E+00;1.00E+00
0.1822;0.1422;3.68E+00;1.00E+00
0.1823;0.1423;3.68E+00;1.00E+00
0.1824;0.1424;3.64E+00;9.89E-01
0.1825;0.1425;3.68E+00;1.00E+00
0.1826;0.1426;3.68E+00;1.00E+00
0.1827;0.1427;3.68E+00;1.00E+00
0.1828;0.1428;3.68E+00;1.00E+00
0.1829;0.1429;3.68E+00;1.00E+00
0.183;0.143;3.68E+00;1.00E+00
0.1831;0.1431;3.68E+00;1.00E+00
0.1832;0.1432;3.68E+00;1.00E+00
0.1833;0.1433;3.68E+00;1.00E+00
0.1834;0.1434;3.68E+00;1.00E+00
0.1835;0.1435;3.68E+00;1.00E+00
0.1836;0.1436;3.68E+00;1.00E+00
0.1837;0.1437;3.68E+00;1.00E+00
0.1838;0.1438;3.68E+00;1.00E+00
0.1839;0.1439;3.68E+00;1.00E+00
0.184;0.144;3.68E+00;1.00E+00
0.1841;0.1441;3.68E+00;1.00E+00
0.1842;0.1442;3.64E+00;9.89E-01
0.1843;0.1443;3.68E+00;1.00E+00
0.1844;0.1444;3.68E+00;1.00E+00
0.1845;0.1445;3.68E+00;1.00E+00
0.1846;0.1446;3.68E+00;1.00E+00
0.1847;0.1447;3.68E+00;1.00E+00
0.1848;0.1448;3.64E+00;9.89E-01
0.1849;0.1449;3.68E+00;1.00E+00
0.185;0.145;3.68E+00;1.00E+00
0.1851;0.1451;3.68E+00;1.00E+00
0.1852;0.1452;3.68E+00;1.00E+00
0.1853;0.1453;3.64E+00;9.89E-01
0.1854;0.1454;3.68E+00;1.00E+00
0.1855;0.1455;3.64E+00;9.89E-01
0.1856;0.1456;3.68E+00;1.00E+00
0.1857;0.1457;3.68E+00;1.00E+00
0.1858;0.1458;3.68E+00;1.00E+00
0.1859;0.1459;3.68E+00;1.00E+00
0.186;0.146;3.68E+00;1.00E+00
0.1861;0.1461;3.68E+00;1.00E+00
0.1862;0.1462;3.68E+00;1.00E+00
0.1863;0.1463;3.68E+00;1.00E+00
0.1864;0.1464;3.64E+00;9.89E-01
0.1865;0.1465;3.68E+00;1.00E+00
0.1866;0.1466;3.68E+00;1.00E+00
0.1867;0.1467;3.68E+00;1.00E+00
0.1868;0.1468;3.68E+00;1.00E+00
0.1869;0.1469;3.68E+00;1.00E+00
0.187;0.147;3.68E+00;1.00E+00
0.1871;0.1471;3.68E+00;1.00E+00
0.1872;0.1472;3.64E+00;9.89E-01
0.1873;0.1473;3.68E+00;1.00E+00
0.1874;0.1474;3.68E+00;1.00E+00
0.1875;0.1475;3.64E+00;9.89E-01
0.1876;0.1476;3.68E+00;1.00E+00
0.1877;0.1477;3.64E+00;9.89E-01
0.1878;0.1478;3.64E+00;9.89E-01
0.1879;0.1479;3.68E+00;1.00E+00
0.188;0.148;3.68E+00;1.00E+00
0.1881;0.1481;3.68E+00;1.00E+00
0.1882;0.1482;3.68E+00;1.00E+00
0.1883;0.1483;3.68E+00;1.00E+00
0.1884;0.1484;3.68E+00;1.00E+00
0.1885;0.1485;3.68E+00;1.00E+00
0.1886;0.1486;3.68E+00;1.00E+00
0.1887;0.1487;3.64E+00;9.89E-01
0.1888;0.1488;3.68E+00;1.00E+00
0.1889;0.1489;3.68E+00;1.00E+00
0.189;0.149;3.68E+00;1.00E+00
0.1891;0.1491;3.68E+00;1.00E+00
0.1892;0.1492;3.68E+00;1.00E+00
0.1893;0.1493;3.68E+00;1.00E+00
0.1894;0.1494;3.68E+00;1.00E+00
0.1895;0.1495;3.68E+00;1.00E+00
0.1896;0.1496;3.68E+00;1.00E+00
0.1897;0.1497;3.68E+00;1.00E+00
0.1898;0.1498;3.68E+00;1.00E+00
0.1899;0.1499;3.68E+00;1.00E+00
0.19;0.15;3.68E+00;1.00E+00
0.1901;0.1501;3.68E+00;1.00E+00
0.1902;0.1502;3.68E+00;1.00E+00
0.1903;0.1503;3.68E+00;1.00E+00
0.1904;0.1504;3.68E+00;1.00E+00
0.1905;0.1505;3.68E+00;1.00E+00
0.1906;0.1506;3.68E+00;1.00E+00
0.1907;0.1507;3.68E+00;1.00E+00
0.1908;0.1508;3.64E+00;9.89E-01
0.1909;0.1509;3.68E+00;1.00E+00
0.191;0.151;3.68E+00;1.00E+00
0.1911;0.1511;3.68E+00;1.00E+00
0.1912;0.1512;3.68E+00;1.00E+00
0.1913;0.1513;3.68E+00;1.00E+00
0.1914;0.1514;3.68E+00;1.00E+00
0.1915;0.1515;3.68E+00;1.00E+00
0.1916;0.1516;3.68E+00;1.00E+00
0.1917;0.1517;3.68E+00;1.00E+00
0.1918;0.1518;3.68E+00;1.00E+00
0.1919;0.1519;3.68E+00;1.00E+00
0.192;0.152;3.68E+00;1.00E+00
0.1921;0.1521;3.68E+00;1.00E+00
0.1922;0.1522;3.68E+00;1.00E+00
0.1923;0.1523;3.68E+00;1.00E+00
0.1924;0.1524;3.68E+00;1.00E+00
0.1925;0.1525;3.68E+00;1.00E+00
0.1926;0.1526;3.68E+00;1.00E+00
0.1927;0.1527;3.68E+00;1.00E+00
0.1928;0.1528;3.68E+00;1.00E+00
0.1929;0.1529;3.68E+00;1.00E+00
0.193;0.153;3.68E+00;1.00E+00
0.1931;0.1531;3.64E+00;9.89E-01
0.1932;0.1532;3.68E+00;1.00E+00
0.1933;0.1533;3.68E+00;1.00E+00
0.1934;0.1534;3.68E+00;1.00E+00
0.1935;0.1535;3.68E+00;1.00E+00
0.1936;0.1536;3.68E+00;1.00E+00
0.1937;0.1537;3.68E+00;1.00E+00
0.1938;0.1538;3.68E+00;1.00E+00
0.1939;0.1539;3.68E+00;1.00E+00
0.194;0.154;3.68E+00;1.00E+00
0.1941;0.1541;3.68E+00;1.00E+00
0.1942;0.1542;3.68E+00;1.00E+00
0.1943;0.1543;3.64E+00;9.89E-01
0.1944;0.1544;3.68E+00;1.00E+00
0.1945;0.1545;3.68E+00;1.00E+00
0.1946;0.1546;3.68E+00;1.00E+00
0.1947;0.1547;3.68E+00;1.00E+00
0.1948;0.1548;3.68E+00;1.00E+00
0.1949;0.1549;3.68E+00;1.00E+00
0.195;0.155;3.68E+00;1.00E+00
0.1951;0.1551;3.68E+00;1.00E+00
0.1952;0.1552;3.64E+00;9.89E-01
0.1953;0.1553;3.68E+00;1.00E+00
0.1954;0.1554;3.68E+00;1.00E+00
0.1955;0.1555;3.68E+00;1.00E+00
0.1956;0.1556;3.64E+00;9.89E-01
0.1957;0.1557;3.68E+00;1.00E+00
0.1958;0.1558;3.68E+00;1.00E+00
0.1959;0.1559;3.68E+00;1.00E+00
0.196;0.156;3.68E+00;1.00E+00
0.1961;0.1561;3.68E+00;1.00E+00
0.1962;0.1562;3.68E+00;1.00E+00
0.1963;0.1563;3.68E+00;1.00E+00
0.1964;0.1564;3.68E+00;1.00E+00
0.1965;0.1565;3.68E+00;1.00E+00
0.1966;0.1566;3.68E+00;1.00E+00
0.1967;0.1567;3.68E+00;1.00E+00
0.1968;0.1568;3.68E+00;1.00E+00
0.1969;0.1569;3.64E+00;9.89E-01
0.197;0.157;3.68E+00;1.00E+00
0.1971;0.1571;3.68E+00;1.00E+00
0.1972;0.1572;3.68E+00;1.00E+00
0.1973;0.1573;3.68E+00;1.00E+00
0.1974;0.1574;3.68E+00;1.00E+00
0.1975;0.1575;3.68E+00;1.00E+00
0.1976;0.1576;3.68E+00;1.00E+00
0.1977;0.1577;3.68E+00;1.00E+00
0.1978;0.1578;3.68E+00;1.00E+00
0.1979;0.1579;3.68E+00;1.00E+00
0.198;0.158;3.68E+00;1.00E+00
0.1981;0.1581;3.68E+00;1.00E+00
0.1982;0.1582;3.68E+00;1.00E+00
0.1983;0.1583;3.68E+00;1.00E+00
0.1984;0.1584;3.68E+00;1.00E+00
0.1985;0.1585;3.64E+00;9.89E-01
0.1986;0.1586;3.68E+00;1.00E+00
0.1987;0.1587;3.68E+00;1.00E+00
0.1988;0.1588;3.68E+00;1.00E+00
0.1989;0.1589;3.68E+00;1.00E+00
0.199;0.159;3.68E+00;1.00E+00
0.1991;0.1591;3.68E+00;1.00E+00
0.1992;0.1592;3.68E+00;1.00E+00
0.1993;0.1593;3.68E+00;1.00E+00
0.1994;0.1594;3.68E+00;1.00E+00
0.1995;0.1595;3.68E+00;1.00E+00
0.1996;0.1596;3.68E+00;1.00E+00
0.1997;0.1597;3.68E+00;1.00E+00
0.1998;0.1598;3.68E+00;1.00E+00
0.1999;0.1599;3.68E+00;1.00E+00
0.2;0.16;3.68E+00;1.00E+00
0.2001;0.1601;3.68E+00;1.00E+00
0.2002;0.1602;3.64E+00;9.89E-01
0.2003;0.1603;3.68E+00;1.00E+00
0.2004;0.1604;3.68E+00;1.00E+00
0.2005;0.1605;3.68E+00;1.00E+00
0.2006;0.1606;3.64E+00;9.89E-01
0.2007;0.1607;3.68E+00;1.00E+00
0.2008;0.1608;3.68E+00;1.00E+00
0.2009;0.1609;3.68E+00;1.00E+00
0.201;0.161;3.64E+00;9.89E-01
0.2011;0.1611;3.68E+00;1.00E+00
0.2012;0.1612;3.68E+00;1.00E+00
0.2013;0.1613;3.68E+00;1.00E+00
0.2014;0.1614;3.68E+00;1.00E+00
0.2015;0.1615;3.68E+00;1.00E+00
0.2016;0.1616;3.68E+00;1.00E+00
0.2017;0.1617;3.68E+00;1.00E+00
0.2018;0.1618;3.68E+00;1.00E+00
0.2019;0.1619;3.68E+00;1.00E+00
0.202;0.162;3.68E+00;1.00E+00
0.2021;0.1621;3.64E+00;9.89E-01
0.2022;0.1622;3.68E+00;1.00E+00
0.2023;0.1623;3.68E+00;1.00E+00
0.2024;0.1624;3.68E+00;1.00E+00
0.2025;0.1625;3.68E+00;1.00E+00
0.2026;0.1626;3.68E+00;1.00E+00
0.2027;0.1627;3.68E+00;1.00E+00
0.2028;0.1628;3.68E+00;1.00E+00
0.2029;0.1629;3.68E+00;1.00E+00
0.203;0.163;3.64E+00;9.89E-01
0.2031;0.1631;3.68E+00;1.00E+00
0.2032;0.1632;3.68E+00;1.00E+00
0.2033;0.1633;3.68E+00;1.00E+00
0.2034;0.1634;3.68E+00;1.00E+00
0.2035;0.1635;3.68E+00;1.00E+00
0.2036;0.1636;3.68E+00;1.00E+00
0.2037;0.1637;3.68E+00;1.00E+00
0.2038;0.1638;3.68E+00;1.00E+00
0.2039;0.1639;3.68E+00;1.00E+00
0.204;0.164;3.68E+00;1.00E+00
0.2041;0.1641;3.68E+00;1.00E+00
0.2042;0.1642;3.68E+00;1.00E+00
0.2043;0.1643;3.68E+00;1.00E+00
0.2044;0.1644;3.68E+00;1.00E+00
0.2045;0.1645;3.68E+00;1.00E+00
0.2046;0.1646;3.68E+00;1.00E+00
0.2047;0.1647;3.68E+00;1.00E+00
0.2048;0.1648;3.68E+00;1.00E+00
0.2049;0.1649;3.64E+00;9.89E-01
0.205;0.165;3.68E+00;1.00E+00
0.2051;0.1651;3.68E+00;1.00E+00
0.2052;0.1652;3.68E+00;1.00E+00
0.2053;0.1653;3.68E+00;1.00E+00
0.2054;0.1654;3.68E+00;1.00E+00
0.2055;0.1655;3.68E+00;1.00E+00
0.2056;0.1656;3.68E+00;1.00E+00
0.2057;0.1657;3.68E+00;1.00E+00
0.2058;0.1658;3.68E+00;1.00E+00
0.2059;0.1659;3.68E+00;1.00E+00
0.206;0.166;3.68E+00;1.00E+00
0.2061;0.1661;3.68E+00;1.00E+00
0.2062;0.1662;3.68E+00;1.00E+00
0.2063;0.1663;3.68E+00;1.00E+00
0.2064;0.1664;3.68E+00;1.00E+00
0.2065;0.1665;3.68E+00;1.00E+00
0.2066;0.1666;3.68E+00;1.00E+00
0.2067;0.1667;3.68E+00;1.00E+00
0.2068;0.1668;3.68E+00;1.00E+00
0.2069;0.1669;3.68E+00;1.00E+00
0.207;0.167;3.68E+00;1.00E+00
0.2071;0.1671;3.68E+00;1.00E+00
0.2072;0.1672;3.68E+00;1.00E+00
0.2073;0.1673;3.64E+00;9.89E-01
0.2074;0.1674;3.68E+00;1.00E+00
0.2075;0.1675;3.68E+00;1.00E+00
0.2076;0.1676;3.68E+00;1.00E+00
0.2077;0.1677;3.68E+00;1.00E+00
0.2078;0.1678;3.68E+00;1.00E+00
0.2079;0.1679;3.68E+00;1.00E+00
0.208;0.168;3.68E+00;1.00E+00
0.2081;0.1681;3.68E+00;1.00E+00
0.2082;0.1682;3.68E+00;1.00E+00
0.2083;0.1683;3.68E+00;1.00E+00
0.2084;0.1684;3.68E+00;1.00E+00
0.2085;0.1685;3.68E+00;1.00E+00
0.2086;0.1686;3.68E+00;1.00E+00
0.2087;0.1687;3.68E+00;1.00E+00
0.2088;0.1688;3.68E+00;1.00E+00
0.2089;0.1689;3.68E+00;1.00E+00
0.209;0.169;3.68E+00;1.00E+00
0.2091;0.1691;3.68E+00;1.00E+00
0.2092;0.1692;3.68E+00;1.00E+00
0.2093;0.1693;3.68E+00;1.00E+00
0.2094;0.1694;3.68E+00;1.00E+00
0.2095;0.1695;3.68E+00;1.00E+00
0.2096;0.1696;3.68E+00;1.00E+00
0.2097;0.1697;3.68E+00;1.00E+00
0.2098;0.1698;3.68E+00;1.00E+00
0.2099;0.1699;3.68E+00;1.00E+00
0.21;0.17;3.68E+00;1.00E+00
0.2101;0.1701;3.68E+00;1.00E+00
0.2102;0.1702;3.68E+00;1.00E+00
0.2103;0.1703;3.68E+00;1.00E+00
0.2104;0.1704;3.68E+00;1.00E+00
0.2105;0.1705;3.68E+00;1.00E+00
0.2106;0.1706;3.68E+00;1.00E+00
0.2107;0.1707;3.68E+00;1.00E+00
0.2108;0.1708;3.68E+00;1.00E+00
0.2109;0.1709;3.68E+00;1.00E+00
0.211;0.171;3.68E+00;1.00E+00
0.2111;0.1711;3.68E+00;1.00E+00
0.2112;0.1712;3.68E+00;1.00E+00
0.2113;0.1713;3.68E+00;1.00E+00
0.2114;0.1714;3.68E+00;1.00E+00
0.2115;0.1715;3.68E+00;1.00E+00
0.2116;0.1716;3.68E+00;1.00E+00
0.2117;0.1717;3.68E+00;1.00E+00
0.2118;0.1718;3.68E+00;1.00E+00
0.2119;0.1719;3.68E+00;1.00E+00
0.212;0.172;3.68E+00;1.00E+00
0.2121;0.1721;3.68E+00;1.00E+00
0.2122;0.1722;3.68E+00;1.00E+00
0.2123;0.1723;3.68E+00;1.00E+00
0.2124;0.1724;3.68E+00;1.00E+00
0.2125;0.1725;3.68E+00;1.00E+00
0.2126;0.1726;3.68E+00;1.00E+00
0.2127;0.1727;3.68E+00;1.00E+00
0.2128;0.1728;3.68E+00;1.00E+00
0.2129;0.1729;3.68E+00;1.00E+00
0.213;0.173;3.68E+00;1.00E+00
0.2131;0.1731;3.68E+00;1.00E+00
0.2132;0.1732;3.68E+00;1.00E+00
0.2133;0.1733;3.68E+00;1.00E+00
0.2134;0.1734;3.68E+00;1.00E+00
0.2135;0.1735;3.68E+00;1.00E+00
0.2136;0.1736;3.68E+00;1.00E+00
0.2137;0.1737;3.68E+00;1.00E+00
0.2138;0.1738;3.68E+00;1.00E+00
0.2139;0.1739;3.68E+00;1.00E+00
0.214;0.174;3.68E+00;1.00E+00
0.2141;0.1741;3.68E+00;1.00E+00
0.2142;0.1742;3.68E+00;1.00E+00
0.2143;0.1743;3.68E+00;1.00E+00
0.2144;0.1744;3.68E+00;1.00E+00
0.2145;0.1745;3.68E+00;1.00E+00
0.2146;0.1746;3.68E+00;1.00E+00
0.2147;0.1747;3.68E+00;1.00E+00
0.2148;0.1748;3.68E+00;1.00E+00
0.2149;0.1749;3.68E+00;1.00E+00
0.215;0.175;3.68E+00;1.00E+00
0.2151;0.1751;3.68E+00;1.00E+00
0.2152;0.1752;3.68E+00;1.00E+00
0.2153;0.1753;3.68E+00;1.00E+00
0.2154;0.1754;3.68E+00;1.00E+00
0.2155;0.1755;3.68E+00;1.00E+00
0.2156;0.1756;3.68E+00;1.00E+00
0.2157;0.1757;3.68E+00;1.00E+00
0.2158;0.1758;3.68E+00;1.00E+00
0.2159;0.1759;3.68E+00;1.00E+00
0.216;0.176;3.68E+00;1.00E+00
0.2161;0.1761;3.68E+00;1.00E+00
0.2162;0.1762;3.68E+00;1.00E+00
0.2163;0.1763;3.68E+00;1.00E+00
0.2164;0.1764;3.68E+00;1.00E+00
0.2165;0.1765;3.68E+00;1.00E+00
0.2166;0.1766;3.68E+00;1.00E+00
0.2167;0.1767;3.68E+00;1.00E+00
0.2168;0.1768;3.68E+00;1.00E+00
0.2169;0.1769;3.68E+00;1.00E+00
0.217;0.177;3.68E+00;1.00E+00
0.2171;0.1771;3.68E+00;1.00E+00
0.2172;0.1772;3.68E+00;1.00E+00
0.2173;0.1773;3.68E+00;1.00E+00
0.2174;0.1774;3.68E+00;1.00E+00
0.2175;0.1775;3.68E+00;1.00E+00
0.2176;0.1776;3.68E+00;1.00E+00
0.2177;0.1777;3.68E+00;1.00E+00
0.2178;0.1778;3.68E+00;1.00E+00
0.2179;0.1779;3.68E+00;1.00E+00
0.218;0.178;3.68E+00;1.00E+00
0.2181;0.1781;3.68E+00;1.00E+00
0.2182;0.1782;3.68E+00;1.00E+00
0.2183;0.1783;3.68E+00;1.00E+00
0.2184;0.1784;3.68E+00;1.00E+00
0.2185;0.1785;3.68E+00;1.00E+00
0.2186;0.1786;3.68E+00;1.00E+00
0.2187;0.1787;3.68E+00;1.00E+00
0.2188;0.1788;3.68E+00;1.00E+00
0.2189;0.1789;3.68E+00;1.00E+00
0.219;0.179;3.68E+00;1.00E+00
0.2191;0.1791;3.68E+00;1.00E+00
0.2192;0.1792;3.68E+00;1.00E+00
0.2193;0.1793;3.68E+00;1.00E+00
0.2194;0.1794;3.68E+00;1.00E+00
0.2195;0.1795;3.68E+00;1.00E+00
0.2196;0.1796;3.68E+00;1.00E+00
0.2197;0.1797;3.68E+00;1.00E+00
0.2198;0.1798;3.68E+00;1.00E+00
0.2199;0.1799;3.68E+00;1.00E+00
0.22;0.18;3.68E+00;1.00E+00
0.2201;0.1801;3.68E+00;1.00E+00
0.2202;0.1802;3.68E+00;1.00E+00
0.2203;0.1803;3.68E+00;1.00E+00
0.2204;0.1804;3.68E+00;1.00E+00
0.2205;0.1805;3.68E+00;1.00E+00
0.2206;0.1806;3.68E+00;1.00E+00
0.2207;0.1807;3.68E+00;1.00E+00
0.2208;0.1808;3.68E+00;1.00E+00
0.2209;0.1809;3.68E+00;1.00E+00
0.221;0.181;3.68E+00;1.00E+00
0.2211;0.1811;3.68E+00;1.00E+00
0.2212;0.1812;3.68E+00;1.00E+00
0.2213;0.1813;3.68E+00;1.00E+00
0.2214;0.1814;3.68E+00;1.00E+00
0.2215;0.1815;3.68E+00;1.00E+00
0.2216;0.1816;3.68E+00;1.00E+00
0.2217;0.1817;3.68E+00;1.00E+00
0.2218;0.1818;3.68E+00;1.00E+00
0.2219;0.1819;3.68E+00;1.00E+00
0.222;0.182;3.68E+00;1.00E+00
0.2221;0.1821;3.68E+00;1.00E+00
0.2222;0.1822;3.68E+00;1.00E+00
0.2223;0.1823;3.68E+00;1.00E+00
0.2224;0.1824;3.68E+00;1.00E+00
0.2225;0.1825;3.68E+00;1.00E+00
0.2226;0.1826;3.68E+00;1.00E+00
0.2227;0.1827;3.68E+00;1.00E+00
0.2228;0.1828;3.68E+00;1.00E+00
0.2229;0.1829;3.68E+00;1.00E+00
0.223;0.183;3.68E+00;1.00E+00
0.2231;0.1831;3.68E+00;1.00E+00
0.2232;0.1832;3.68E+00;1.00E+00
0.2233;0.1833;3.68E+00;1.00E+00
0.2234;0.1834;3.68E+00;1.00E+00
0.2235;0.1835;3.68E+00;1.00E+00
0.2236;0.1836;3.68E+00;1.00E+00
0.2237;0.1837;3.68E+00;1.00E+00
0.2238;0.1838;3.68E+00;1.00E+00
0.2239;0.1839;3.68E+00;1.00E+00
0.224;0.184;3.68E+00;1.00E+00
0.2241;0.1841;3.64E+00;9.89E-01
0.2242;0.1842;3.68E+00;1.00E+00
0.2243;0.1843;3.68E+00;1.00E+00
0.2244;0.1844;3.68E+00;1.00E+00
0.2245;0.1845;3.68E+00;1.00E+00
0.2246;0.1846;3.68E+00;1.00E+00
0.2247;0.1847;3.68E+00;1.00E+00
0.2248;0.1848;3.68E+00;1.00E+00
0.2249;0.1849;3.68E+00;1.00E+00
0.225;0.185;3.68E+00;1.00E+00
0.2251;0.1851;3.68E+00;1.00E+00
0.2252;0.1852;3.68E+00;1.00E+00
0.2253;0.1853;3.68E+00;1.00E+00
0.2254;0.1854;3.68E+00;1.00E+00
0.2255;0.1855;3.68E+00;1.00E+00
0.2256;0.1856;3.68E+00;1.00E+00
0.2257;0.1857;3.68E+00;1.00E+00
0.2258;0.1858;3.68E+00;1.00E+00
0.2259;0.1859;3.68E+00;1.00E+00
0.226;0.186;3.68E+00;1.00E+00
0.2261;0.1861;3.68E+00;1.00E+00
0.2262;0.1862;3.68E+00;1.00E+00
0.2263;0.1863;3.68E+00;1.00E+00
0.2264;0.1864;3.68E+00;1.00E+00
0.2265;0.1865;3.72E+00;1.01E+00
0.2266;0.1866;3.68E+00;1.00E+00
0.2267;0.1867;3.68E+00;1.00E+00
0.2268;0.1868;3.68E+00;1.00E+00
0.2269;0.1869;3.68E+00;1.00E+00
0.227;0.187;3.68E+00;1.00E+00
0.2271;0.1871;3.68E+00;1.00E+00
0.2272;0.1872;3.68E+00;1.00E+00
0.2273;0.1873;3.64E+00;9.89E-01
0.2274;0.1874;3.68E+00;1.00E+00
0.2275;0.1875;3.68E+00;1.00E+00
0.2276;0.1876;3.68E+00;1.00E+00
0.2277;0.1877;3.68E+00;1.00E+00
0.2278;0.1878;3.68E+00;1.00E+00
0.2279;0.1879;3.68E+00;1.00E+00
0.228;0.188;3.68E+00;1.00E+00
0.2281;0.1881;3.68E+00;1.00E+00
0.2282;0.1882;3.68E+00;1.00E+00
0.2283;0.1883;3.68E+00;1.00E+00
0.2284;0.1884;3.68E+00;1.00E+00
0.2285;0.1885;3.68E+00;1.00E+00
0.2286;0.1886;3.68E+00;1.00E+00
0.2287;0.1887;3.68E+00;1.00E+00
0.2288;0.1888;3.68E+00;1.00E+00
0.2289;0.1889;3.72E+00;1.01E+00
0.229;0.189;3.68E+00;1.00E+00
0.2291;0.1891;3.68E+00;1.00E+00
0.2292;0.1892;3.68E+00;1.00E+00
0.2293;0.1893;3.68E+00;1.00E+00
0.2294;0.1894;3.68E+00;1.00E+00
0.2295;0.1895;3.68E+00;1.00E+00
0.2296;0.1896;3.68E+00;1.00E+00
0.2297;0.1897;3.68E+00;1.00E+00
0.2298;0.1898;3.68E+00;1.00E+00
0.2299;0.1899;3.68E+00;1.00E+00
0.23;0.19;3.68E+00;1.00E+00
0.2301;0.1901;3.68E+00;1.00E+00
0.2302;0.1902;3.68E+00;1.00E+00
0.2303;0.1903;3.68E+00;1.00E+00
0.2304;0.1904;3.68E+00;1.00E+00
0.2305;0.1905;3.68E+00;1.00E+00
0.2306;0.1906;3.68E+00;1.00E+00
0.2307;0.1907;3.68E+00;1.00E+00
0.2308;0.1908;3.68E+00;1.00E+00
0.2309;0.1909;3.68E+00;1.00E+00
0.231;0.191;3.68E+00;1.00E+00
0.2311;0.1911;3.68E+00;1.00E+00
0.2312;0.1912;3.68E+00;1.00E+00
0.2313;0.1913;3.68E+00;1.00E+00
0.2314;0.1914;3.68E+00;1.00E+00
0.2315;0.1915;3.68E+00;1.00E+00
0.2316;0.1916;3.68E+00;1.00E+00
0.2317;0.1917;3.68E+00;1.00E+00
0.2318;0.1918;3.68E+00;1.00E+00
0.2319;0.1919;3.68E+00;1.00E+00
0.232;0.192;3.68E+00;1.00E+00
0.2321;0.1921;3.68E+00;1.00E+00
0.2322;0.1922;3.68E+00;1.00E+00
0.2323;0.1923;3.68E+00;1.00E+00
0.2324;0.1924;3.68E+00;1.00E+00
0.2325;0.1925;3.68E+00;1.00E+00
0.2326;0.1926;3.68E+00;1.00E+00
0.2327;0.1927;3.68E+00;1.00E+00
0.2328;0.1928;3.68E+00;1.00E+00
0.2329;0.1929;3.68E+00;1.00E+00
0.233;0.193;3.68E+00;1.00E+00
0.2331;0.1931;3.68E+00;1.00E+00
0.2332;0.1932;3.68E+00;1.00E+00
0.2333;0.1933;3.68E+00;1.00E+00
0.2334;0.1934;3.68E+00;1.00E+00
0.2335;0.1935;3.68E+00;1.00E+00
0.2336;0.1936;3.64E+00;9.89E-01
0.2337;0.1937;3.68E+00;1.00E+00
0.2338;0.1938;3.68E+00;1.00E+00
0.2339;0.1939;3.68E+00;1.00E+00
0.234;0.194;3.68E+00;1.00E+00
0.2341;0.1941;3.68E+00;1.00E+00
0.2342;0.1942;3.68E+00;1.00E+00
0.2343;0.1943;3.68E+00;1.00E+00
0.2344;0.1944;3.68E+00;1.00E+00
0.2345;0.1945;3.68E+00;1.00E+00
0.2346;0.1946;3.68E+00;1.00E+00
0.2347;0.1947;3.68E+00;1.00E+00
0.2348;0.1948;3.68E+00;1.00E+00
0.2349;0.1949;3.68E+00;1.00E+00
0.235;0.195;3.68E+00;1.00E+00
0.2351;0.1951;3.64E+00;9.89E-01
0.2352;0.1952;3.64E+00;9.89E-01
0.2353;0.1953;3.68E+00;1.00E+00
0.2354;0.1954;3.68E+00;1.00E+00
0.2355;0.1955;3.68E+00;1.00E+00
0.2356;0.1956;3.68E+00;1.00E+00
0.2357;0.1957;3.68E+00;1.00E+00
0.2358;0.1958;3.68E+00;1.00E+00
0.2359;0.1959;3.68E+00;1.00E+00
0.236;0.196;3.68E+00;1.00E+00
0.2361;0.1961;3.68E+00;1.00E+00
0.2362;0.1962;3.68E+00;1.00E+00
0.2363;0.1963;3.68E+00;1.00E+00
0.2364;0.1964;3.68E+00;1.00E+00
0.2365;0.1965;3.68E+00;1.00E+00
0.2366;0.1966;3.68E+00;1.00E+00
0.2367;0.1967;3.68E+00;1.00E+00
0.2368;0.1968;3.68E+00;1.00E+00
0.2369;0.1969;3.68E+00;1.00E+00
0.237;0.197;3.64E+00;9.89E-01
0.2371;0.1971;3.68E+00;1.00E+00
0.2372;0.1972;3.68E+00;1.00E+00
0.2373;0.1973;3.68E+00;1.00E+00
0.2374;0.1974;3.68E+00;1.00E+00
0.2375;0.1975;3.68E+00;1.00E+00
0.2376;0.1976;3.68E+00;1.00E+00
0.2377;0.1977;3.68E+00;1.00E+00
0.2378;0.1978;3.68E+00;1.00E+00
0.2379;0.1979;3.68E+00;1.00E+00
0.238;0.198;3.68E+00;1.00E+00
0.2381;0.1981;3.68E+00;1.00E+00
0.2382;0.1982;3.68E+00;1.00E+00
0.2383;0.1983;3.68E+00;1.00E+00
0.2384;0.1984;3.68E+00;1.00E+00
0.2385;0.1985;3.68E+00;1.00E+00
0.2386;0.1986;3.68E+00;1.00E+00
0.2387;0.1987;3.68E+00;1.00E+00
0.2388;0.1988;3.68E+00;1.00E+00
0.2389;0.1989;3.68E+00;1.00E+00
0.239;0.199;3.68E+00;1.00E+00
0.2391;0.1991;3.64E+00;9.89E-01
0.2392;0.1992;3.68E+00;1.00E+00
0.2393;0.1993;3.68E+00;1.00E+00
0.2394;0.1994;3.68E+00;1.00E+00
0.2395;0.1995;3.68E+00;1.00E+00
0.2396;0.1996;3.68E+00;1.00E+00
0.2397;0.1997;3.68E+00;1.00E+00
0.2398;0.1998;3.68E+00;1.00E+00
0.2399;0.1999;3.68E+00;1.00E+00
0.24;0.2;3.68E+00;1.00E+00
0.2401;0.2001;3.68E+00;1.00E+00
0.2402;0.2002;3.68E+00;1.00E+00
0.2403;0.2003;3.68E+00;1.00E+00
0.2404;0.2004;3.68E+00;1.00E+00
0.2405;0.2005;3.68E+00;1.00E+00
0.2406;0.2006;3.68E+00;1.00E+00
0.2407;0.2007;3.68E+00;1.00E+00
0.2408;0.2008;3.68E+00;1.00E+00
0.2409;0.2009;3.68E+00;1.00E+00
0.241;0.201;3.68E+00;1.00E+00
0.2411;0.2011;3.68E+00;1.00E+00
0.2412;0.2012;3.68E+00;1.00E+00
0.2413;0.2013;3.68E+00;1.00E+00
0.2414;0.2014;3.68E+00;1.00E+00
0.2415;0.2015;3.68E+00;1.00E+00
0.2416;0.2016;3.68E+00;1.00E+00
0.2417;0.2017;3.68E+00;1.00E+00
0.2418;0.2018;3.68E+00;1.00E+00
0.2419;0.2019;3.68E+00;1.00E+00
0.242;0.202;3.68E+00;1.00E+00
0.2421;0.2021;3.68E+00;1.00E+00
0.2422;0.2022;3.68E+00;1.00E+00
0.2423;0.2023;3.68E+00;1.00E+00
0.2424;0.2024;3.68E+00;1.00E+00
0.2425;0.2025;3.68E+00;1.00E+00
0.2426;0.2026;3.68E+00;1.00E+00
0.2427;0.2027;3.68E+00;1.00E+00
0.2428;0.2028;3.68E+00;1.00E+00
0.2429;0.2029;3.68E+00;1.00E+00
0.243;0.203;3.68E+00;1.00E+00
0.2431;0.2031;3.68E+00;1.00E+00
0.2432;0.2032;3.68E+00;1.00E+00
0.2433;0.2033;3.68E+00;1.00E+00
0.2434;0.2034;3.64E+00;9.89E-01
0.2435;0.2035;3.68E+00;1.00E+00
0.2436;0.2036;3.68E+00;1.00E+00
0.2437;0.2037;3.68E+00;1.00E+00
0.2438;0.2038;3.68E+00;1.00E+00
0.2439;0.2039;3.68E+00;1.00E+00
0.244;0.204;3.68E+00;1.00E+00
0.2441;0.2041;3.68E+00;1.00E+00
0.2442;0.2042;3.68E+00;1.00E+00
0.2443;0.2043;3.68E+00;1.00E+00
0.2444;0.2044;3.68E+00;1.00E+00
0.2445;0.2045;3.68E+00;1.00E+00
0.2446;0.2046;3.68E+00;1.00E+00
0.2447;0.2047;3.68E+00;1.00E+00
0.2448;0.2048;3.68E+00;1.00E+00
0.2449;0.2049;3.68E+00;1.00E+00
0.245;0.205;3.68E+00;1.00E+00
0.2451;0.2051;3.68E+00;1.00E+00
0.2452;0.2052;3.68E+00;1.00E+00
0.2453;0.2053;3.68E+00;1.00E+00
0.2454;0.2054;3.68E+00;1.00E+00
0.2455;0.2055;3.68E+00;1.00E+00
0.2456;0.2056;3.68E+00;1.00E+00
0.2457;0.2057;3.68E+00;1.00E+00
0.2458;0.2058;3.68E+00;1.00E+00
0.2459;0.2059;3.68E+00;1.00E+00
0.246;0.206;3.68E+00;1.00E+00
0.2461;0.2061;3.68E+00;1.00E+00
0.2462;0.2062;3.68E+00;1.00E+00
0.2463;0.2063;3.68E+00;1.00E+00
0.2464;0.2064;3.68E+00;1.00E+00
0.2465;0.2065;3.68E+00;1.00E+00
0.2466;0.2066;3.68E+00;1.00E+00
0.2467;0.2067;3.68E+00;1.00E+00
0.2468;0.2068;3.68E+00;1.00E+00
0.2469;0.2069;3.68E+00;1.00E+00
0.247;0.207;3.68E+00;1.00E+00
0.2471;0.2071;3.68E+00;1.00E+00
0.2472;0.2072;3.68E+00;1.00E+00
0.2473;0.2073;3.68E+00;1.00E+00
0.2474;0.2074;3.68E+00;1.00E+00
0.2475;0.2075;3.68E+00;1.00E+00
0.2476;0.2076;3.68E+00;1.00E+00
0.2477;0.2077;3.68E+00;1.00E+00
0.2478;0.2078;3.68E+00;1.00E+00
0.2479;0.2079;3.68E+00;1.00E+00
0.248;0.208;3.68E+00;1.00E+00
0.2481;0.2081;3.68E+00;1.00E+00
0.2482;0.2082;3.68E+00;1.00E+00
0.2483;0.2083;3.68E+00;1.00E+00
0.2484;0.2084;3.68E+00;1.00E+00
0.2485;0.2085;3.68E+00;1.00E+00
0.2486;0.2086;3.68E+00;1.00E+00
0.2487;0.2087;3.68E+00;1.00E+00
0.2488;0.2088;3.68E+00;1.00E+00
0.2489;0.2089;3.68E+00;1.00E+00
0.249;0.209;3.68E+00;1.00E+00
0.2491;0.2091;3.68E+00;1.00E+00
0.2492;0.2092;3.68E+00;1.00E+00
0.2493;0.2093;3.68E+00;1.00E+00
0.2494;0.2094;3.68E+00;1.00E+00
0.2495;0.2095;3.68E+00;1.00E+00
0.2496;0.2096;3.68E+00;1.00E+00
0.2497;0.2097;3.68E+00;1.00E+00
0.2498;0.2098;3.68E+00;1.00E+00
0.2499;0.2099;3.68E+00;1.00E+00
